video_id,state,verdict,mean_score,n_seq,subject,tag,core,fold,seed
s05_state0,0,0.0,2.0723845958709717,48,05,published,fc,0,42
s05_state10,10,5.0,4.8735270500183105,127,05,published,fc,0,42
s05_state5,5,5.0,3.7866415977478027,76,05,published,fc,0,42
s06_state0,0,0.0,1.6840142011642456,67,06,published,fc,0,42
s06_state10,10,0.0,1.390121579170227,45,06,published,fc,0,42
s06_state5,5,0.0,2.3283209800720215,50,06,published,fc,0,42
s14_state0,0,0.0,2.4372990131378174,35,14,published,fc,0,42
s14_state10,10,10.0,7.892610549926758,118,14,published,fc,0,42
s14_state5,5,10.0,7.508477687835693,181,14,published,fc,0,42
s18_state0,0,5.0,5.228902339935303,75,18,published,fc,0,42
s18_state10,10,10.0,7.768002986907959,76,18,published,fc,0,42
s18_state5,5,5.0,5.069902420043945,126,18,published,fc,0,42
s23_state0,0,5.0,3.536640167236328,4,23,published,fc,0,42
s23_state10,10,5.0,6.365440845489502,35,23,published,fc,0,42
s23_state5,5,10.0,6.941269874572754,98,23,published,fc,0,42
s24_state0,0,0.0,2.0068740844726562,193,24,published,fc,0,42
s24_state10,10,5.0,5.451410293579102,291,24,published,fc,0,42
s24_state5,5,5.0,4.479470729827881,275,24,published,fc,0,42
s25_state0,0,0.0,1.9271718263626099,1,25,published,fc,0,42
s25_state10,10,10.0,7.4995622634887695,59,25,published,fc,0,42
s25_state5,5,10.0,7.886870384216309,58,25,published,fc,0,42
s41_state0,0,5.0,3.793684244155884,1,41,published,fc,0,42
s41_state10,10,10.0,10.0,1,41,published,fc,0,42
s41_state5,5,10.0,7.104426860809326,11,41,published,fc,0,42
s51_state0,0,0.0,2.824613094329834,18,51,published,fc,0,42
s51_state10,10,5.0,4.4793314933776855,103,51,published,fc,0,42
s51_state5,5,5.0,4.621367454528809,112,51,published,fc,0,42
s53_state0,0,0.0,2.6601815223693848,10,53,published,fc,0,42
s53_state10,10,5.0,6.127191543579102,62,53,published,fc,0,42
s53_state5,5,5.0,6.245885372161865,17,53,published,fc,0,42
s55_state0,0,0.0,2.417691707611084,30,55,published,fc,0,42
s55_state5,5,5.0,6.445918083190918,148,55,published,fc,0,42
s56_state0,0,0.0,2.7207601070404053,1,56,published,fc,0,42
s56_state10,10,10.0,7.2917070388793945,91,56,published,fc,0,42
s56_state5,5,10.0,6.87546443939209,111,56,published,fc,0,42
s05_state0,0,0.0,2.175638198852539,48,05,published,fc,0,43
s05_state10,10,5.0,5.007493019104004,127,05,published,fc,0,43
s05_state5,5,5.0,3.5043129920959473,76,05,published,fc,0,43
s06_state0,0,0.0,1.8393499851226807,67,06,published,fc,0,43
s06_state10,10,0.0,1.45871102809906,45,06,published,fc,0,43
s06_state5,5,0.0,2.9431445598602295,50,06,published,fc,0,43
s14_state0,0,0.0,1.8952137231826782,35,14,published,fc,0,43
s14_state10,10,10.0,8.539737701416016,118,14,published,fc,0,43
s14_state5,5,10.0,9.095283508300781,181,14,published,fc,0,43
s18_state0,0,5.0,5.103038787841797,75,18,published,fc,0,43
s18_state10,10,10.0,8.790579795837402,76,18,published,fc,0,43
s18_state5,5,5.0,5.140183448791504,126,18,published,fc,0,43
s23_state0,0,0.0,2.707821846008301,4,23,published,fc,0,43
s23_state10,10,10.0,6.883232593536377,35,23,published,fc,0,43
s23_state5,5,10.0,6.867549896240234,98,23,published,fc,0,43
s24_state0,0,0.0,2.26236891746521,193,24,published,fc,0,43
s24_state10,10,10.0,6.150363445281982,291,24,published,fc,0,43
s24_state5,5,5.0,4.5994648933410645,275,24,published,fc,0,43
s25_state0,0,0.0,2.170184373855591,1,25,published,fc,0,43
s25_state10,10,10.0,9.212911605834961,59,25,published,fc,0,43
s25_state5,5,10.0,9.029809951782227,58,25,published,fc,0,43
s41_state0,0,5.0,4.029353141784668,1,41,published,fc,0,43
s41_state10,10,10.0,10.0,1,41,published,fc,0,43
s41_state5,5,10.0,8.05771255493164,11,41,published,fc,0,43
s51_state0,0,0.0,2.3924314975738525,18,51,published,fc,0,43
s51_state10,10,5.0,3.8015103340148926,103,51,published,fc,0,43
s51_state5,5,5.0,3.9970905780792236,112,51,published,fc,0,43
s53_state0,0,0.0,2.139010190963745,10,53,published,fc,0,43
s53_state10,10,10.0,6.631747245788574,62,53,published,fc,0,43
s53_state5,5,10.0,7.3069281578063965,17,53,published,fc,0,43
s55_state0,0,0.0,2.4958956241607666,30,55,published,fc,0,43
s55_state5,5,10.0,6.901266098022461,148,55,published,fc,0,43
s56_state0,0,0.0,1.4274107217788696,1,56,published,fc,0,43
s56_state10,10,10.0,8.580780982971191,91,56,published,fc,0,43
s56_state5,5,10.0,6.637955188751221,111,56,published,fc,0,43
s01_state0,0,0.0,1.261915922164917,101,01,published,fc,1,42
s01_state10,10,0.0,2.1538245677948,111,01,published,fc,1,42
s01_state5,5,0.0,1.7723444700241089,100,01,published,fc,1,42
s09_state0,0,0.0,1.7111133337020874,41,09,published,fc,1,42
s09_state10,10,0.0,2.20443058013916,64,09,published,fc,1,42
s09_state5,5,5.0,4.168379783630371,85,09,published,fc,1,42
s12_state0,0,0.0,2.243802785873413,59,12,published,fc,1,42
s12_state10,10,10.0,7.851418495178223,95,12,published,fc,1,42
s12_state5,5,10.0,6.475769519805908,77,12,published,fc,1,42
s13_state0,0,5.0,4.669322490692139,3,13,published,fc,1,42
s13_state10,10,10.0,8.523168563842773,107,13,published,fc,1,42
s13_state5,5,10.0,8.33249282836914,53,13,published,fc,1,42
s17_state0,0,5.0,3.230753183364868,9,17,published,fc,1,42
s17_state10,10,10.0,8.262675285339355,69,17,published,fc,1,42
s17_state5,5,10.0,8.022172927856445,52,17,published,fc,1,42
s22_state0,0,5.0,6.209366798400879,10,22,published,fc,1,42
s22_state10,10,10.0,9.531045913696289,59,22,published,fc,1,42
s22_state5,5,10.0,9.511391639709473,45,22,published,fc,1,42
s26_state0,0,0.0,2.148998260498047,1,26,published,fc,1,42
s26_state10,10,5.0,6.368142127990723,102,26,published,fc,1,42
s26_state5,5,5.0,6.331728935241699,132,26,published,fc,1,42
s39_state0,0,5.0,3.9422850608825684,7,39,published,fc,1,42
s39_state10,10,10.0,7.820464134216309,166,39,published,fc,1,42
s39_state5,5,10.0,7.035515785217285,205,39,published,fc,1,42
s54_state0,0,5.0,3.9229724407196045,15,54,published,fc,1,42
s54_state10,10,5.0,4.32018518447876,20,54,published,fc,1,42
s54_state5,5,5.0,5.894130706787109,24,54,published,fc,1,42
s57_state0,0,0.0,2.711759328842163,47,57,published,fc,1,42
s57_state10,10,10.0,8.625372886657715,58,57,published,fc,1,42
s57_state5,5,10.0,6.878557205200195,48,57,published,fc,1,42
s59_state0,0,5.0,4.406627178192139,135,59,published,fc,1,42
s59_state10,10,5.0,5.843593120574951,193,59,published,fc,1,42
s59_state5,5,10.0,7.039200782775879,228,59,published,fc,1,42
s60_state0,0,0.0,1.6691367626190186,55,60,published,fc,1,42
s60_state10,10,0.0,2.2741801738739014,75,60,published,fc,1,42
s60_state5,5,5.0,6.476115703582764,127,60,published,fc,1,42
s01_state0,0,0.0,2.494378089904785,101,01,published,fc,1,43
s01_state10,10,0.0,2.1920828819274902,111,01,published,fc,1,43
s01_state5,5,0.0,1.8844285011291504,100,01,published,fc,1,43
s09_state0,0,0.0,2.3697450160980225,41,09,published,fc,1,43
s09_state10,10,0.0,2.2214465141296387,64,09,published,fc,1,43
s09_state5,5,5.0,3.639085054397583,85,09,published,fc,1,43
s12_state0,0,0.0,2.0112671852111816,59,12,published,fc,1,43
s12_state10,10,5.0,6.1702470779418945,95,12,published,fc,1,43
s12_state5,5,0.0,2.814610004425049,77,12,published,fc,1,43
s13_state0,0,5.0,6.2343010902404785,3,13,published,fc,1,43
s13_state10,10,10.0,7.506740093231201,107,13,published,fc,1,43
s13_state5,5,5.0,5.244008541107178,53,13,published,fc,1,43
s17_state0,0,0.0,3.3863744735717773,9,17,published,fc,1,43
s17_state10,10,5.0,5.291696548461914,69,17,published,fc,1,43
s17_state5,5,5.0,4.5559844970703125,52,17,published,fc,1,43
s22_state0,0,5.0,3.733168125152588,10,22,published,fc,1,43
s22_state10,10,10.0,9.035562515258789,59,22,published,fc,1,43
s22_state5,5,10.0,8.495743751525879,45,22,published,fc,1,43
s26_state0,0,0.0,2.779542922973633,1,26,published,fc,1,43
s26_state10,10,10.0,6.59222412109375,102,26,published,fc,1,43
s26_state5,5,10.0,6.6771392822265625,132,26,published,fc,1,43
s39_state0,0,5.0,3.537996768951416,7,39,published,fc,1,43
s39_state10,10,10.0,7.990458011627197,166,39,published,fc,1,43
s39_state5,5,10.0,7.67317533493042,205,39,published,fc,1,43
s54_state0,0,5.0,3.4824740886688232,15,54,published,fc,1,43
s54_state10,10,0.0,3.1651031970977783,20,54,published,fc,1,43
s54_state5,5,5.0,4.5201592445373535,24,54,published,fc,1,43
s57_state0,0,0.0,3.4410834312438965,47,57,published,fc,1,43
s57_state10,10,10.0,6.799044609069824,58,57,published,fc,1,43
s57_state5,5,5.0,4.448390960693359,48,57,published,fc,1,43
s59_state0,0,5.0,3.635356903076172,135,59,published,fc,1,43
s59_state10,10,0.0,3.540135145187378,193,59,published,fc,1,43
s59_state5,5,5.0,5.688287258148193,228,59,published,fc,1,43
s60_state0,0,0.0,2.0652287006378174,55,60,published,fc,1,43
s60_state10,10,0.0,2.5276901721954346,75,60,published,fc,1,43
s60_state5,5,5.0,5.141367435455322,127,60,published,fc,1,43
s02_state0,0,5.0,3.9395530223846436,12,02,published,fc,2,42
s02_state10,10,5.0,6.3609137535095215,39,02,published,fc,2,42
s02_state5,5,10.0,8.072760581970215,39,02,published,fc,2,42
s07_state0,0,0.0,1.4726675748825073,43,07,published,fc,2,42
s07_state10,10,5.0,5.42280387878418,99,07,published,fc,2,42
s07_state5,5,10.0,7.253376483917236,129,07,published,fc,2,42
s20_state0,0,5.0,3.601553440093994,45,20,published,fc,2,42
s20_state10,10,10.0,6.582674026489258,85,20,published,fc,2,42
s20_state5,5,0.0,1.9357513189315796,29,20,published,fc,2,42
s21_state0,0,0.0,2.5981645584106445,17,21,published,fc,2,42
s21_state10,10,5.0,5.838609218597412,160,21,published,fc,2,42
s21_state5,5,5.0,6.357517242431641,114,21,published,fc,2,42
s28_state0,0,0.0,2.0163493156433105,54,28,published,fc,2,42
s28_state10,10,5.0,3.6283011436462402,87,28,published,fc,2,42
s28_state5,5,5.0,3.737356185913086,21,28,published,fc,2,42
s31_state0,0,5.0,5.255092620849609,192,31,published,fc,2,42
s31_state10,10,10.0,8.632256507873535,111,31,published,fc,2,42
s31_state5,5,5.0,6.31908655166626,232,31,published,fc,2,42
s32_state0,0,0.0,3.461923122406006,33,32,published,fc,2,42
s32_state5,5,5.0,4.810852527618408,52,32,published,fc,2,42
s33_state0,0,0.0,1.8631789684295654,1,33,published,fc,2,42
s33_state10,10,5.0,6.061659812927246,84,33,published,fc,2,42
s33_state5,5,5.0,6.166024684906006,44,33,published,fc,2,42
s35_state0,0,0.0,1.9536527395248413,73,35,published,fc,2,42
s35_state10,10,10.0,8.489686965942383,157,35,published,fc,2,42
s35_state5,5,10.0,6.777752876281738,170,35,published,fc,2,42
s36_state0,0,0.0,1.743445634841919,40,36,published,fc,2,42
s36_state10,10,10.0,8.22459602355957,89,36,published,fc,2,42
s36_state5,5,10.0,7.921663284301758,89,36,published,fc,2,42
s37_state0,0,0.0,1.584871530532837,13,37,published,fc,2,42
s37_state10,10,10.0,7.2505364418029785,128,37,published,fc,2,42
s37_state5,5,10.0,7.5389909744262695,53,37,published,fc,2,42
s45_state0,0,0.0,2.050447940826416,50,45,published,fc,2,42
s45_state10,10,5.0,6.646459579467773,121,45,published,fc,2,42
s45_state5,5,5.0,4.7075958251953125,79,45,published,fc,2,42
s02_state0,0,5.0,4.139912128448486,12,02,published,fc,2,43
s02_state10,10,5.0,5.997848987579346,39,02,published,fc,2,43
s02_state5,5,10.0,8.10784912109375,39,02,published,fc,2,43
s07_state0,0,0.0,2.5642499923706055,43,07,published,fc,2,43
s07_state10,10,5.0,5.348748207092285,99,07,published,fc,2,43
s07_state5,5,5.0,5.391755104064941,129,07,published,fc,2,43
s20_state0,0,0.0,3.484402894973755,45,20,published,fc,2,43
s20_state10,10,5.0,5.4259724617004395,85,20,published,fc,2,43
s20_state5,5,0.0,2.199383020401001,29,20,published,fc,2,43
s21_state0,0,0.0,3.1123790740966797,17,21,published,fc,2,43
s21_state10,10,5.0,5.99542760848999,160,21,published,fc,2,43
s21_state5,5,10.0,6.889620780944824,114,21,published,fc,2,43
s28_state0,0,0.0,2.7086992263793945,54,28,published,fc,2,43
s28_state10,10,5.0,4.389709949493408,87,28,published,fc,2,43
s28_state5,5,5.0,5.028330326080322,21,28,published,fc,2,43
s31_state0,0,5.0,5.1927714347839355,192,31,published,fc,2,43
s31_state10,10,10.0,8.207008361816406,111,31,published,fc,2,43
s31_state5,5,5.0,6.088814735412598,232,31,published,fc,2,43
s32_state0,0,5.0,3.853924512863159,33,32,published,fc,2,43
s32_state5,5,5.0,4.0019330978393555,52,32,published,fc,2,43
s33_state0,0,0.0,2.942469358444214,1,33,published,fc,2,43
s33_state10,10,5.0,6.4099955558776855,84,33,published,fc,2,43
s33_state5,5,5.0,6.355429172515869,44,33,published,fc,2,43
s35_state0,0,0.0,2.609060287475586,73,35,published,fc,2,43
s35_state10,10,10.0,8.439160346984863,157,35,published,fc,2,43
s35_state5,5,10.0,6.741204261779785,170,35,published,fc,2,43
s36_state0,0,0.0,2.295269727706909,40,36,published,fc,2,43
s36_state10,10,10.0,8.049560546875,89,36,published,fc,2,43
s36_state5,5,10.0,7.846996307373047,89,36,published,fc,2,43
s37_state0,0,0.0,2.5360655784606934,13,37,published,fc,2,43
s37_state10,10,10.0,7.700932502746582,128,37,published,fc,2,43
s37_state5,5,10.0,7.553475856781006,53,37,published,fc,2,43
s45_state0,0,0.0,2.903918504714966,50,45,published,fc,2,43
s45_state10,10,10.0,6.829169750213623,121,45,published,fc,2,43
s45_state5,5,0.0,2.818113088607788,79,45,published,fc,2,43
s03_state0,0,0.0,2.9869954586029053,44,03,published,fc,3,42
s03_state10,10,10.0,7.398066520690918,151,03,published,fc,3,42
s03_state5,5,5.0,6.571834087371826,54,03,published,fc,3,42
s29_state0,0,0.0,2.9560837745666504,31,29,published,fc,3,42
s29_state10,10,10.0,6.792926788330078,67,29,published,fc,3,42
s29_state5,5,5.0,5.157382965087891,42,29,published,fc,3,42
s30_state0,0,5.0,3.561823606491089,56,30,published,fc,3,42
s30_state10,10,10.0,6.7817254066467285,117,30,published,fc,3,42
s30_state5,5,5.0,6.510529041290283,113,30,published,fc,3,42
s34_state0,0,5.0,6.540655136108398,1,34,published,fc,3,42
s34_state10,10,10.0,7.317526340484619,105,34,published,fc,3,42
s34_state5,5,10.0,8.217049598693848,71,34,published,fc,3,42
s38_state0,0,5.0,4.84886360168457,9,38,published,fc,3,42
s38_state10,10,10.0,6.938006401062012,73,38,published,fc,3,42
s38_state5,5,10.0,7.816029071807861,54,38,published,fc,3,42
s40_state0,0,0.0,2.69942045211792,32,40,published,fc,3,42
s40_state10,10,10.0,7.19602632522583,101,40,published,fc,3,42
s40_state5,5,10.0,6.686190605163574,69,40,published,fc,3,42
s42_state0,0,0.0,3.668877601623535,39,42,published,fc,3,42
s42_state10,10,10.0,7.121870040893555,225,42,published,fc,3,42
s42_state5,5,10.0,6.698369979858398,148,42,published,fc,3,42
s46_state0,0,5.0,3.9990012645721436,7,46,published,fc,3,42
s46_state10,10,5.0,6.13185977935791,144,46,published,fc,3,42
s46_state5,5,5.0,6.273274898529053,52,46,published,fc,3,42
s47_state0,0,5.0,4.155209541320801,5,47,published,fc,3,42
s47_state10,10,10.0,7.601964950561523,77,47,published,fc,3,42
s47_state5,5,5.0,5.960391521453857,27,47,published,fc,3,42
s48_state0,0,5.0,4.309311866760254,128,48,published,fc,3,42
s48_state10,10,10.0,7.6414618492126465,178,48,published,fc,3,42
s48_state5,5,5.0,6.093755722045898,219,48,published,fc,3,42
s50_state0,0,0.0,2.521833896636963,1,50,published,fc,3,42
s50_state10,10,5.0,6.674897193908691,37,50,published,fc,3,42
s50_state5,5,5.0,6.194880962371826,37,50,published,fc,3,42
s58_state0,0,0.0,2.2624361515045166,44,58,published,fc,3,42
s58_state10,10,10.0,7.191187858581543,125,58,published,fc,3,42
s58_state5,5,5.0,4.479584693908691,107,58,published,fc,3,42
s03_state0,0,0.0,3.1747331619262695,44,03,published,fc,3,43
s03_state10,10,10.0,7.978885650634766,151,03,published,fc,3,43
s03_state5,5,5.0,6.310719966888428,54,03,published,fc,3,43
s29_state0,0,0.0,2.8588716983795166,31,29,published,fc,3,43
s29_state10,10,10.0,7.30824613571167,67,29,published,fc,3,43
s29_state5,5,5.0,5.642882347106934,42,29,published,fc,3,43
s30_state0,0,5.0,3.6826961040496826,56,30,published,fc,3,43
s30_state10,10,10.0,6.713296890258789,117,30,published,fc,3,43
s30_state5,5,5.0,6.4857048988342285,113,30,published,fc,3,43
s34_state0,0,5.0,5.45151424407959,1,34,published,fc,3,43
s34_state10,10,10.0,9.349058151245117,105,34,published,fc,3,43
s34_state5,5,10.0,9.707878112792969,71,34,published,fc,3,43
s38_state0,0,5.0,5.00871467590332,9,38,published,fc,3,43
s38_state10,10,10.0,7.712516784667969,73,38,published,fc,3,43
s38_state5,5,10.0,8.273477554321289,54,38,published,fc,3,43
s40_state0,0,0.0,2.8756303787231445,32,40,published,fc,3,43
s40_state10,10,10.0,7.980509281158447,101,40,published,fc,3,43
s40_state5,5,10.0,7.174955368041992,69,40,published,fc,3,43
s42_state0,0,0.0,3.278935670852661,39,42,published,fc,3,43
s42_state10,10,10.0,7.3623762130737305,225,42,published,fc,3,43
s42_state5,5,5.0,6.155411243438721,148,42,published,fc,3,43
s46_state0,0,5.0,4.452576637268066,7,46,published,fc,3,43
s46_state10,10,5.0,6.439233779907227,144,46,published,fc,3,43
s46_state5,5,5.0,5.902087688446045,52,46,published,fc,3,43
s47_state0,0,5.0,3.558911085128784,5,47,published,fc,3,43
s47_state10,10,10.0,7.8636064529418945,77,47,published,fc,3,43
s47_state5,5,5.0,5.494872093200684,27,47,published,fc,3,43
s48_state0,0,5.0,4.2507476806640625,128,48,published,fc,3,43
s48_state10,10,10.0,7.458258628845215,178,48,published,fc,3,43
s48_state5,5,5.0,6.343843460083008,219,48,published,fc,3,43
s50_state0,0,0.0,2.5690202713012695,1,50,published,fc,3,43
s50_state10,10,10.0,7.2675580978393555,37,50,published,fc,3,43
s50_state5,5,10.0,6.88124942779541,37,50,published,fc,3,43
s58_state0,0,0.0,2.6434690952301025,44,58,published,fc,3,43
s58_state10,10,10.0,7.940797328948975,125,58,published,fc,3,43
s58_state5,5,5.0,4.449184417724609,107,58,published,fc,3,43
s04_state0,0,0.0,2.630683660507202,48,04,published,fc,4,42
s04_state10,10,5.0,6.408635139465332,49,04,published,fc,4,42
s04_state5,5,5.0,5.619285583496094,96,04,published,fc,4,42
s08_state0,0,0.0,3.122105598449707,11,08,published,fc,4,42
s08_state10,10,10.0,7.966009140014648,177,08,published,fc,4,42
s08_state5,5,5.0,5.165093898773193,48,08,published,fc,4,42
s10_state0,0,5.0,4.48086404800415,1,10,published,fc,4,42
s10_state10,10,5.0,6.577556610107422,48,10,published,fc,4,42
s10_state5,5,5.0,3.915276288986206,28,10,published,fc,4,42
s11_state0,0,5.0,5.703836917877197,34,11,published,fc,4,42
s11_state10,10,5.0,4.167934417724609,65,11,published,fc,4,42
s11_state5,5,0.0,2.6836795806884766,51,11,published,fc,4,42
s15_state0,0,5.0,4.0414347648620605,108,15,published,fc,4,42
s15_state10,10,5.0,5.830773830413818,187,15,published,fc,4,42
s15_state5,5,5.0,3.93003249168396,179,15,published,fc,4,42
s16_state0,0,0.0,1.4728511571884155,1,16,published,fc,4,42
s16_state10,10,10.0,8.538267135620117,98,16,published,fc,4,42
s16_state5,5,5.0,3.527618646621704,30,16,published,fc,4,42
s19_state0,0,5.0,5.584290027618408,76,19,published,fc,4,42
s19_state10,10,5.0,6.359028339385986,82,19,published,fc,4,42
s19_state5,5,5.0,5.031820297241211,110,19,published,fc,4,42
s27_state0,0,5.0,4.810421943664551,17,27,published,fc,4,42
s27_state10,10,10.0,8.302240371704102,53,27,published,fc,4,42
s27_state5,5,5.0,5.586796283721924,22,27,published,fc,4,42
s43_state0,0,0.0,2.6970791816711426,32,43,published,fc,4,42
s43_state10,10,10.0,7.1124491691589355,107,43,published,fc,4,42
s43_state5,5,10.0,7.704796314239502,88,43,published,fc,4,42
s44_state0,0,0.0,2.05475115776062,60,44,published,fc,4,42
s44_state10,10,10.0,8.320294380187988,148,44,published,fc,4,42
s44_state5,5,10.0,8.17191219329834,236,44,published,fc,4,42
s49_state0,0,0.0,1.7207412719726562,28,49,published,fc,4,42
s49_state10,10,10.0,7.494953155517578,48,49,published,fc,4,42
s49_state5,5,5.0,5.075498104095459,95,49,published,fc,4,42
s52_state0,0,5.0,5.497195720672607,21,52,published,fc,4,42
s52_state10,10,10.0,8.237842559814453,123,52,published,fc,4,42
s52_state5,5,10.0,8.29648494720459,172,52,published,fc,4,42
s04_state0,0,0.0,2.664016008377075,48,04,published,fc,4,43
s04_state10,10,10.0,7.842318058013916,49,04,published,fc,4,43
s04_state5,5,5.0,5.849843502044678,96,04,published,fc,4,43
s08_state0,0,5.0,3.70510196685791,11,08,published,fc,4,43
s08_state10,10,10.0,7.738428115844727,177,08,published,fc,4,43
s08_state5,5,5.0,4.785915851593018,48,08,published,fc,4,43
s10_state0,0,5.0,4.335856914520264,1,10,published,fc,4,43
s10_state10,10,10.0,7.225515842437744,48,10,published,fc,4,43
s10_state5,5,5.0,3.8602538108825684,28,10,published,fc,4,43
s11_state0,0,5.0,4.0955305099487305,34,11,published,fc,4,43
s11_state10,10,5.0,3.8420965671539307,65,11,published,fc,4,43
s11_state5,5,0.0,2.79312801361084,51,11,published,fc,4,43
s15_state0,0,5.0,3.7552289962768555,108,15,published,fc,4,43
s15_state10,10,5.0,5.9790167808532715,187,15,published,fc,4,43
s15_state5,5,5.0,4.026775360107422,179,15,published,fc,4,43
s16_state0,0,0.0,1.4926884174346924,1,16,published,fc,4,43
s16_state10,10,10.0,8.550554275512695,98,16,published,fc,4,43
s16_state5,5,0.0,3.2742626667022705,30,16,published,fc,4,43
s19_state0,0,5.0,4.373960494995117,76,19,published,fc,4,43
s19_state10,10,10.0,7.142544746398926,82,19,published,fc,4,43
s19_state5,5,5.0,3.715102434158325,110,19,published,fc,4,43
s27_state0,0,5.0,4.2685933113098145,17,27,published,fc,4,43
s27_state10,10,10.0,8.541129112243652,53,27,published,fc,4,43
s27_state5,5,5.0,5.4914937019348145,22,27,published,fc,4,43
s43_state0,0,0.0,2.3208930492401123,32,43,published,fc,4,43
s43_state10,10,10.0,7.504863262176514,107,43,published,fc,4,43
s43_state5,5,10.0,7.871805191040039,88,43,published,fc,4,43
s44_state0,0,0.0,2.2426798343658447,60,44,published,fc,4,43
s44_state10,10,10.0,8.263705253601074,148,44,published,fc,4,43
s44_state5,5,10.0,8.60622501373291,236,44,published,fc,4,43
s49_state0,0,0.0,1.8923476934432983,28,49,published,fc,4,43
s49_state10,10,10.0,7.19158935546875,48,49,published,fc,4,43
s49_state5,5,5.0,5.035890102386475,95,49,published,fc,4,43
s52_state0,0,5.0,4.463672637939453,21,52,published,fc,4,43
s52_state10,10,10.0,8.339690208435059,123,52,published,fc,4,43
s52_state5,5,10.0,8.798502922058105,172,52,published,fc,4,43
s05_state0,0,0.0,2.129157781600952,48,05,published,lstm,0,42
s05_state10,10,5.0,4.7669172286987305,127,05,published,lstm,0,42
s05_state5,5,0.0,3.1378512382507324,76,05,published,lstm,0,42
s06_state0,0,0.0,1.7794090509414673,67,06,published,lstm,0,42
s06_state10,10,0.0,1.7651370763778687,45,06,published,lstm,0,42
s06_state5,5,0.0,2.6772773265838623,50,06,published,lstm,0,42
s14_state0,0,0.0,2.577829599380493,35,14,published,lstm,0,42
s14_state10,10,10.0,8.782601356506348,118,14,published,lstm,0,42
s14_state5,5,10.0,9.003288269042969,181,14,published,lstm,0,42
s18_state0,0,5.0,4.550410270690918,75,18,published,lstm,0,42
s18_state10,10,10.0,8.616463661193848,76,18,published,lstm,0,42
s18_state5,5,5.0,6.0039544105529785,126,18,published,lstm,0,42
s23_state0,0,0.0,3.075326442718506,4,23,published,lstm,0,42
s23_state10,10,10.0,6.3646111488342285,35,23,published,lstm,0,42
s23_state5,5,10.0,7.585492134094238,98,23,published,lstm,0,42
s24_state0,0,0.0,2.1783812046051025,193,24,published,lstm,0,42
s24_state10,10,5.0,5.013108253479004,291,24,published,lstm,0,42
s24_state5,5,5.0,3.8205583095550537,275,24,published,lstm,0,42
s25_state0,0,0.0,2.0670905113220215,1,25,published,lstm,0,42
s25_state10,10,10.0,9.100137710571289,59,25,published,lstm,0,42
s25_state5,5,10.0,9.185013771057129,58,25,published,lstm,0,42
s41_state0,0,5.0,3.3733415603637695,1,41,published,lstm,0,42
s41_state10,10,10.0,8.279147148132324,1,41,published,lstm,0,42
s41_state5,5,10.0,8.186542510986328,11,41,published,lstm,0,42
s51_state0,0,0.0,2.591806173324585,18,51,published,lstm,0,42
s51_state10,10,5.0,4.481882572174072,103,51,published,lstm,0,42
s51_state5,5,5.0,4.502104759216309,112,51,published,lstm,0,42
s53_state0,0,0.0,2.2186119556427,10,53,published,lstm,0,42
s53_state10,10,5.0,6.18236780166626,62,53,published,lstm,0,42
s53_state5,5,10.0,7.269495487213135,17,53,published,lstm,0,42
s55_state0,0,0.0,2.660846710205078,30,55,published,lstm,0,42
s55_state5,5,10.0,7.16645622253418,148,55,published,lstm,0,42
s56_state0,0,0.0,2.259739637374878,1,56,published,lstm,0,42
s56_state10,10,10.0,8.758023262023926,91,56,published,lstm,0,42
s56_state5,5,10.0,7.843846797943115,111,56,published,lstm,0,42
s05_state0,0,0.0,1.8193902969360352,48,05,published,lstm,0,43
s05_state10,10,5.0,5.609807968139648,127,05,published,lstm,0,43
s05_state5,5,0.0,3.466853380203247,76,05,published,lstm,0,43
s06_state0,0,0.0,1.4845319986343384,67,06,published,lstm,0,43
s06_state10,10,0.0,1.6607708930969238,45,06,published,lstm,0,43
s06_state5,5,0.0,2.921670913696289,50,06,published,lstm,0,43
s14_state0,0,0.0,1.8457649946212769,35,14,published,lstm,0,43
s14_state10,10,10.0,8.714521408081055,118,14,published,lstm,0,43
s14_state5,5,10.0,9.257304191589355,181,14,published,lstm,0,43
s18_state0,0,5.0,5.002270698547363,75,18,published,lstm,0,43
s18_state10,10,10.0,8.611185073852539,76,18,published,lstm,0,43
s18_state5,5,5.0,4.729493618011475,126,18,published,lstm,0,43
s23_state0,0,0.0,2.645914077758789,4,23,published,lstm,0,43
s23_state10,10,5.0,6.7054572105407715,35,23,published,lstm,0,43
s23_state5,5,10.0,7.298614025115967,98,23,published,lstm,0,43
s24_state0,0,0.0,2.3000049591064453,193,24,published,lstm,0,43
s24_state10,10,5.0,5.5016045570373535,291,24,published,lstm,0,43
s24_state5,5,5.0,4.390681743621826,275,24,published,lstm,0,43
s25_state0,0,0.0,1.6478776931762695,1,25,published,lstm,0,43
s25_state10,10,10.0,9.073572158813477,59,25,published,lstm,0,43
s25_state5,5,10.0,8.963412284851074,58,25,published,lstm,0,43
s41_state0,0,5.0,4.528072834014893,1,41,published,lstm,0,43
s41_state10,10,10.0,9.144640922546387,1,41,published,lstm,0,43
s41_state5,5,10.0,7.821008682250977,11,41,published,lstm,0,43
s51_state0,0,0.0,1.93631911277771,18,51,published,lstm,0,43
s51_state10,10,5.0,4.542257785797119,103,51,published,lstm,0,43
s51_state5,5,5.0,5.544892311096191,112,51,published,lstm,0,43
s53_state0,0,0.0,1.6269502639770508,10,53,published,lstm,0,43
s53_state10,10,10.0,7.782897472381592,62,53,published,lstm,0,43
s53_state5,5,10.0,8.525422096252441,17,53,published,lstm,0,43
s55_state0,0,0.0,2.1017565727233887,30,55,published,lstm,0,43
s55_state5,5,5.0,6.224040985107422,148,55,published,lstm,0,43
s56_state0,0,0.0,1.6943477392196655,1,56,published,lstm,0,43
s56_state10,10,10.0,9.192768096923828,91,56,published,lstm,0,43
s56_state5,5,10.0,7.611400127410889,111,56,published,lstm,0,43
s01_state0,0,0.0,3.052333354949951,101,01,published,lstm,1,42
s01_state10,10,0.0,3.3354134559631348,111,01,published,lstm,1,42
s01_state5,5,0.0,3.069279193878174,100,01,published,lstm,1,42
s09_state0,0,0.0,3.1443920135498047,41,09,published,lstm,1,42
s09_state10,10,0.0,3.361964702606201,64,09,published,lstm,1,42
s09_state5,5,5.0,3.9016385078430176,85,09,published,lstm,1,42
s12_state0,0,0.0,3.2447736263275146,59,12,published,lstm,1,42
s12_state10,10,5.0,6.150545597076416,95,12,published,lstm,1,42
s12_state5,5,5.0,4.445046424865723,77,12,published,lstm,1,42
s13_state0,0,5.0,4.067667007446289,3,13,published,lstm,1,42
s13_state10,10,5.0,6.6519317626953125,107,13,published,lstm,1,42
s13_state5,5,5.0,6.059412956237793,53,13,published,lstm,1,42
s17_state0,0,5.0,3.4032647609710693,9,17,published,lstm,1,42
s17_state10,10,5.0,6.036118030548096,69,17,published,lstm,1,42
s17_state5,5,5.0,5.275089740753174,52,17,published,lstm,1,42
s22_state0,0,5.0,4.376818656921387,10,22,published,lstm,1,42
s22_state10,10,10.0,7.75933313369751,59,22,published,lstm,1,42
s22_state5,5,5.0,6.754871368408203,45,22,published,lstm,1,42
s26_state0,0,0.0,2.9550158977508545,1,26,published,lstm,1,42
s26_state10,10,10.0,6.68462610244751,102,26,published,lstm,1,42
s26_state5,5,5.0,6.626075744628906,132,26,published,lstm,1,42
s39_state0,0,0.0,3.364001750946045,7,39,published,lstm,1,42
s39_state10,10,10.0,7.227878570556641,166,39,published,lstm,1,42
s39_state5,5,5.0,6.409382343292236,205,39,published,lstm,1,42
s54_state0,0,5.0,3.802441358566284,15,54,published,lstm,1,42
s54_state10,10,5.0,3.854348659515381,20,54,published,lstm,1,42
s54_state5,5,5.0,5.258647918701172,24,54,published,lstm,1,42
s57_state0,0,0.0,3.5776445865631104,47,57,published,lstm,1,42
s57_state10,10,10.0,6.6187357902526855,58,57,published,lstm,1,42
s57_state5,5,5.0,4.123569488525391,48,57,published,lstm,1,42
s59_state0,0,5.0,4.034529685974121,135,59,published,lstm,1,42
s59_state10,10,5.0,4.2648115158081055,193,59,published,lstm,1,42
s59_state5,5,5.0,5.538071155548096,228,59,published,lstm,1,42
s60_state0,0,0.0,3.201421022415161,55,60,published,lstm,1,42
s60_state10,10,0.0,3.372403860092163,75,60,published,lstm,1,42
s60_state5,5,5.0,4.959268093109131,127,60,published,lstm,1,42
s01_state0,0,0.0,2.5751638412475586,101,01,published,lstm,1,43
s01_state10,10,0.0,3.1515486240386963,111,01,published,lstm,1,43
s01_state5,5,0.0,2.6987555027008057,100,01,published,lstm,1,43
s09_state0,0,0.0,2.398942232131958,41,09,published,lstm,1,43
s09_state10,10,0.0,2.9222187995910645,64,09,published,lstm,1,43
s09_state5,5,5.0,4.0606608390808105,85,09,published,lstm,1,43
s12_state0,0,0.0,3.02948260307312,59,12,published,lstm,1,43
s12_state10,10,5.0,6.638061046600342,95,12,published,lstm,1,43
s12_state5,5,5.0,5.658885478973389,77,12,published,lstm,1,43
s13_state0,0,5.0,4.879312992095947,3,13,published,lstm,1,43
s13_state10,10,10.0,7.449251174926758,107,13,published,lstm,1,43
s13_state5,5,5.0,5.6076531410217285,53,13,published,lstm,1,43
s17_state0,0,0.0,3.0554730892181396,9,17,published,lstm,1,43
s17_state10,10,5.0,5.408109188079834,69,17,published,lstm,1,43
s17_state5,5,5.0,4.649137496948242,52,17,published,lstm,1,43
s22_state0,0,5.0,3.841888427734375,10,22,published,lstm,1,43
s22_state10,10,10.0,8.165328025817871,59,22,published,lstm,1,43
s22_state5,5,10.0,7.82034969329834,45,22,published,lstm,1,43
s26_state0,0,0.0,2.532308578491211,1,26,published,lstm,1,43
s26_state10,10,5.0,5.439215660095215,102,26,published,lstm,1,43
s26_state5,5,5.0,5.4562458992004395,132,26,published,lstm,1,43
s39_state0,0,5.0,3.3989832401275635,7,39,published,lstm,1,43
s39_state10,10,10.0,8.09287166595459,166,39,published,lstm,1,43
s39_state5,5,10.0,8.081131935119629,205,39,published,lstm,1,43
s54_state0,0,5.0,3.7741074562072754,15,54,published,lstm,1,43
s54_state10,10,5.0,4.702360153198242,20,54,published,lstm,1,43
s54_state5,5,5.0,6.383590221405029,24,54,published,lstm,1,43
s57_state0,0,0.0,3.3012728691101074,47,57,published,lstm,1,43
s57_state10,10,10.0,7.80402135848999,58,57,published,lstm,1,43
s57_state5,5,5.0,5.197887420654297,48,57,published,lstm,1,43
s59_state0,0,0.0,3.5555076599121094,135,59,published,lstm,1,43
s59_state10,10,5.0,4.173597812652588,193,59,published,lstm,1,43
s59_state5,5,5.0,5.9563422203063965,228,59,published,lstm,1,43
s60_state0,0,0.0,2.7441587448120117,55,60,published,lstm,1,43
s60_state10,10,0.0,3.082296133041382,75,60,published,lstm,1,43
s60_state5,5,5.0,5.808055877685547,127,60,published,lstm,1,43
s02_state0,0,5.0,3.8084442615509033,12,02,published,lstm,2,42
s02_state10,10,5.0,6.607104301452637,39,02,published,lstm,2,42
s02_state5,5,10.0,8.006905555725098,39,02,published,lstm,2,42
s07_state0,0,0.0,2.839402198791504,43,07,published,lstm,2,42
s07_state10,10,5.0,4.9327216148376465,99,07,published,lstm,2,42
s07_state5,5,10.0,7.39121675491333,129,07,published,lstm,2,42
s20_state0,0,5.0,3.695791721343994,45,20,published,lstm,2,42
s20_state10,10,5.0,5.601247787475586,85,20,published,lstm,2,42
s20_state5,5,0.0,2.929033041000366,29,20,published,lstm,2,42
s21_state0,0,0.0,3.1823642253875732,17,21,published,lstm,2,42
s21_state10,10,5.0,5.335505485534668,160,21,published,lstm,2,42
s21_state5,5,5.0,6.4646124839782715,114,21,published,lstm,2,42
s28_state0,0,0.0,3.176373243331909,54,28,published,lstm,2,42
s28_state10,10,5.0,4.141626834869385,87,28,published,lstm,2,42
s28_state5,5,5.0,4.777448654174805,21,28,published,lstm,2,42
s31_state0,0,5.0,5.212635040283203,192,31,published,lstm,2,42
s31_state10,10,10.0,8.382530212402344,111,31,published,lstm,2,42
s31_state5,5,5.0,5.877634048461914,232,31,published,lstm,2,42
s32_state0,0,5.0,4.026188373565674,33,32,published,lstm,2,42
s32_state5,5,5.0,4.385274887084961,52,32,published,lstm,2,42
s33_state0,0,5.0,3.3401808738708496,1,33,published,lstm,2,42
s33_state10,10,5.0,5.641576290130615,84,33,published,lstm,2,42
s33_state5,5,5.0,5.584537029266357,44,33,published,lstm,2,42
s35_state0,0,0.0,3.0391690731048584,73,35,published,lstm,2,42
s35_state10,10,10.0,8.587013244628906,157,35,published,lstm,2,42
s35_state5,5,10.0,7.093808650970459,170,35,published,lstm,2,42
s36_state0,0,0.0,2.8468239307403564,40,36,published,lstm,2,42
s36_state10,10,10.0,8.022767066955566,89,36,published,lstm,2,42
s36_state5,5,10.0,7.879395008087158,89,36,published,lstm,2,42
s37_state0,0,0.0,2.7251081466674805,13,37,published,lstm,2,42
s37_state10,10,10.0,7.509761810302734,128,37,published,lstm,2,42
s37_state5,5,10.0,7.563924312591553,53,37,published,lstm,2,42
s45_state0,0,0.0,3.1382246017456055,50,45,published,lstm,2,42
s45_state10,10,5.0,6.604521751403809,121,45,published,lstm,2,42
s45_state5,5,5.0,3.825878381729126,79,45,published,lstm,2,42
s02_state0,0,5.0,4.305760860443115,12,02,published,lstm,2,43
s02_state10,10,5.0,6.381518840789795,39,02,published,lstm,2,43
s02_state5,5,10.0,7.472705364227295,39,02,published,lstm,2,43
s07_state0,0,0.0,2.1281042098999023,43,07,published,lstm,2,43
s07_state10,10,5.0,5.380827903747559,99,07,published,lstm,2,43
s07_state5,5,5.0,5.828196048736572,129,07,published,lstm,2,43
s20_state0,0,5.0,3.959219455718994,45,20,published,lstm,2,43
s20_state10,10,5.0,5.873355388641357,85,20,published,lstm,2,43
s20_state5,5,0.0,2.358184576034546,29,20,published,lstm,2,43
s21_state0,0,0.0,2.9422857761383057,17,21,published,lstm,2,43
s21_state10,10,5.0,5.376081943511963,160,21,published,lstm,2,43
s21_state5,5,5.0,6.579346179962158,114,21,published,lstm,2,43
s28_state0,0,0.0,2.7347609996795654,54,28,published,lstm,2,43
s28_state10,10,5.0,3.886385917663574,87,28,published,lstm,2,43
s28_state5,5,5.0,4.912405490875244,21,28,published,lstm,2,43
s31_state0,0,5.0,5.53723669052124,192,31,published,lstm,2,43
s31_state10,10,10.0,7.135322570800781,111,31,published,lstm,2,43
s31_state5,5,5.0,6.131967067718506,232,31,published,lstm,2,43
s32_state0,0,5.0,4.271658897399902,33,32,published,lstm,2,43
s32_state5,5,5.0,4.636068820953369,52,32,published,lstm,2,43
s33_state0,0,0.0,3.2830893993377686,1,33,published,lstm,2,43
s33_state10,10,5.0,5.77972412109375,84,33,published,lstm,2,43
s33_state5,5,5.0,6.117959499359131,44,33,published,lstm,2,43
s35_state0,0,0.0,2.672358989715576,73,35,published,lstm,2,43
s35_state10,10,10.0,8.215704917907715,157,35,published,lstm,2,43
s35_state5,5,5.0,6.594549179077148,170,35,published,lstm,2,43
s36_state0,0,0.0,2.3415589332580566,40,36,published,lstm,2,43
s36_state10,10,10.0,7.506375789642334,89,36,published,lstm,2,43
s36_state5,5,10.0,7.261425018310547,89,36,published,lstm,2,43
s37_state0,0,0.0,2.371676445007324,13,37,published,lstm,2,43
s37_state10,10,10.0,7.0007734298706055,128,37,published,lstm,2,43
s37_state5,5,10.0,7.3635759353637695,53,37,published,lstm,2,43
s45_state0,0,0.0,2.7437996864318848,50,45,published,lstm,2,43
s45_state10,10,10.0,6.860226631164551,121,45,published,lstm,2,43
s45_state5,5,5.0,4.4657392501831055,79,45,published,lstm,2,43
s03_state0,0,0.0,3.304626226425171,44,03,published,lstm,3,42
s03_state10,10,10.0,8.288349151611328,151,03,published,lstm,3,42
s03_state5,5,5.0,6.13986873626709,54,03,published,lstm,3,42
s29_state0,0,0.0,3.3957276344299316,31,29,published,lstm,3,42
s29_state10,10,10.0,8.295844078063965,67,29,published,lstm,3,42
s29_state5,5,10.0,7.6249518394470215,42,29,published,lstm,3,42
s30_state0,0,0.0,3.459805965423584,56,30,published,lstm,3,42
s30_state10,10,5.0,5.635005950927734,117,30,published,lstm,3,42
s30_state5,5,5.0,5.163910865783691,113,30,published,lstm,3,42
s34_state0,0,5.0,6.425284385681152,1,34,published,lstm,3,42
s34_state10,10,5.0,6.61143159866333,105,34,published,lstm,3,42
s34_state5,5,10.0,7.646082878112793,71,34,published,lstm,3,42
s38_state0,0,5.0,3.7224252223968506,9,38,published,lstm,3,42
s38_state10,10,10.0,6.582003593444824,73,38,published,lstm,3,42
s38_state5,5,10.0,7.132699012756348,54,38,published,lstm,3,42
s40_state0,0,0.0,3.1603517532348633,32,40,published,lstm,3,42
s40_state10,10,10.0,7.984635353088379,101,40,published,lstm,3,42
s40_state5,5,5.0,6.575602054595947,69,40,published,lstm,3,42
s42_state0,0,0.0,3.036257266998291,39,42,published,lstm,3,42
s42_state10,10,10.0,7.553415775299072,225,42,published,lstm,3,42
s42_state5,5,5.0,6.1385579109191895,148,42,published,lstm,3,42
s46_state0,0,0.0,2.6688621044158936,7,46,published,lstm,3,42
s46_state10,10,5.0,5.4189300537109375,144,46,published,lstm,3,42
s46_state5,5,5.0,6.299446105957031,52,46,published,lstm,3,42
s47_state0,0,0.0,2.3741118907928467,5,47,published,lstm,3,42
s47_state10,10,10.0,7.886260509490967,77,47,published,lstm,3,42
s47_state5,5,5.0,5.191769599914551,27,47,published,lstm,3,42
s48_state0,0,5.0,3.9089953899383545,128,48,published,lstm,3,42
s48_state10,10,10.0,8.300609588623047,178,48,published,lstm,3,42
s48_state5,5,5.0,5.697747230529785,219,48,published,lstm,3,42
s50_state0,0,0.0,2.8583688735961914,1,50,published,lstm,3,42
s50_state10,10,10.0,7.3596601486206055,37,50,published,lstm,3,42
s50_state5,5,10.0,7.668928623199463,37,50,published,lstm,3,42
s58_state0,0,0.0,3.132089376449585,44,58,published,lstm,3,42
s58_state10,10,10.0,8.38929557800293,125,58,published,lstm,3,42
s58_state5,5,5.0,4.6377272605896,107,58,published,lstm,3,42
s03_state0,0,0.0,1.9887127876281738,44,03,published,lstm,3,43
s03_state10,10,10.0,7.522469997406006,151,03,published,lstm,3,43
s03_state5,5,5.0,5.034356117248535,54,03,published,lstm,3,43
s29_state0,0,0.0,2.020781993865967,31,29,published,lstm,3,43
s29_state10,10,10.0,7.0300774574279785,67,29,published,lstm,3,43
s29_state5,5,5.0,6.404276371002197,42,29,published,lstm,3,43
s30_state0,0,0.0,2.6881964206695557,56,30,published,lstm,3,43
s30_state10,10,5.0,4.98853874206543,117,30,published,lstm,3,43
s30_state5,5,5.0,4.36164665222168,113,30,published,lstm,3,43
s34_state0,0,5.0,6.306035995483398,1,34,published,lstm,3,43
s34_state10,10,10.0,8.70514965057373,105,34,published,lstm,3,43
s34_state5,5,10.0,8.746052742004395,71,34,published,lstm,3,43
s38_state0,0,5.0,3.6066012382507324,9,38,published,lstm,3,43
s38_state10,10,5.0,6.676718235015869,73,38,published,lstm,3,43
s38_state5,5,10.0,7.258569717407227,54,38,published,lstm,3,43
s40_state0,0,0.0,2.210142135620117,32,40,published,lstm,3,43
s40_state10,10,10.0,7.568809509277344,101,40,published,lstm,3,43
s40_state5,5,5.0,6.37785005569458,69,40,published,lstm,3,43
s42_state0,0,0.0,1.771059513092041,39,42,published,lstm,3,43
s42_state10,10,10.0,6.725302696228027,225,42,published,lstm,3,43
s42_state5,5,5.0,4.815920352935791,148,42,published,lstm,3,43
s46_state0,0,0.0,1.938489317893982,7,46,published,lstm,3,43
s46_state10,10,5.0,6.161996841430664,144,46,published,lstm,3,43
s46_state5,5,5.0,5.52454948425293,52,46,published,lstm,3,43
s47_state0,0,0.0,1.6022281646728516,5,47,published,lstm,3,43
s47_state10,10,10.0,7.0489397048950195,77,47,published,lstm,3,43
s47_state5,5,5.0,4.954076290130615,27,47,published,lstm,3,43
s48_state0,0,0.0,3.189241409301758,128,48,published,lstm,3,43
s48_state10,10,10.0,7.750234603881836,178,48,published,lstm,3,43
s48_state5,5,5.0,5.954624176025391,219,48,published,lstm,3,43
s50_state0,0,0.0,2.1839423179626465,1,50,published,lstm,3,43
s50_state10,10,10.0,7.140870571136475,37,50,published,lstm,3,43
s50_state5,5,10.0,6.9195942878723145,37,50,published,lstm,3,43
s58_state0,0,0.0,2.0304670333862305,44,58,published,lstm,3,43
s58_state10,10,10.0,7.242344379425049,125,58,published,lstm,3,43
s58_state5,5,5.0,4.098615646362305,107,58,published,lstm,3,43
s04_state0,0,0.0,2.6558315753936768,48,04,published,lstm,4,42
s04_state10,10,10.0,7.206380844116211,49,04,published,lstm,4,42
s04_state5,5,5.0,4.34803581237793,96,04,published,lstm,4,42
s08_state0,0,0.0,3.158461570739746,11,08,published,lstm,4,42
s08_state10,10,10.0,7.666342735290527,177,08,published,lstm,4,42
s08_state5,5,5.0,4.432973384857178,48,08,published,lstm,4,42
s10_state0,0,0.0,2.759819269180298,1,10,published,lstm,4,42
s10_state10,10,5.0,6.71914529800415,48,10,published,lstm,4,42
s10_state5,5,5.0,4.354032039642334,28,10,published,lstm,4,42
s11_state0,0,0.0,3.2555758953094482,34,11,published,lstm,4,42
s11_state10,10,5.0,6.4728498458862305,65,11,published,lstm,4,42
s11_state5,5,5.0,5.364362716674805,51,11,published,lstm,4,42
s15_state0,0,0.0,3.049931526184082,108,15,published,lstm,4,42
s15_state10,10,5.0,4.947899341583252,187,15,published,lstm,4,42
s15_state5,5,5.0,3.737027168273926,179,15,published,lstm,4,42
s16_state0,0,0.0,2.7160325050354004,1,16,published,lstm,4,42
s16_state10,10,10.0,8.04743766784668,98,16,published,lstm,4,42
s16_state5,5,5.0,5.8375959396362305,30,16,published,lstm,4,42
s19_state0,0,5.0,4.251871109008789,76,19,published,lstm,4,42
s19_state10,10,5.0,5.238779067993164,82,19,published,lstm,4,42
s19_state5,5,5.0,4.195480823516846,110,19,published,lstm,4,42
s27_state0,0,0.0,3.2790231704711914,17,27,published,lstm,4,42
s27_state10,10,10.0,7.576418876647949,53,27,published,lstm,4,42
s27_state5,5,5.0,3.8010153770446777,22,27,published,lstm,4,42
s43_state0,0,0.0,2.6307365894317627,32,43,published,lstm,4,42
s43_state10,10,10.0,7.283687591552734,107,43,published,lstm,4,42
s43_state5,5,10.0,7.144402027130127,88,43,published,lstm,4,42
s44_state0,0,0.0,2.745955228805542,60,44,published,lstm,4,42
s44_state10,10,10.0,7.827841281890869,148,44,published,lstm,4,42
s44_state5,5,10.0,7.7186102867126465,236,44,published,lstm,4,42
s49_state0,0,0.0,2.271465301513672,28,49,published,lstm,4,42
s49_state10,10,10.0,7.7505035400390625,48,49,published,lstm,4,42
s49_state5,5,5.0,4.423778533935547,95,49,published,lstm,4,42
s52_state0,0,5.0,4.143179893493652,21,52,published,lstm,4,42
s52_state10,10,10.0,7.6095709800720215,123,52,published,lstm,4,42
s52_state5,5,10.0,8.17263412475586,172,52,published,lstm,4,42
s04_state0,0,0.0,2.4318885803222656,48,04,published,lstm,4,43
s04_state10,10,5.0,5.705824375152588,49,04,published,lstm,4,43
s04_state5,5,5.0,5.457178592681885,96,04,published,lstm,4,43
s08_state0,0,0.0,4.013700485229492,11,08,published,lstm,4,43
s08_state10,10,10.0,7.1926655769348145,177,08,published,lstm,4,43
s08_state5,5,5.0,4.875113487243652,48,08,published,lstm,4,43
s10_state0,0,5.0,3.5134849548339844,1,10,published,lstm,4,43
s10_state10,10,5.0,5.763551712036133,48,10,published,lstm,4,43
s10_state5,5,0.0,3.2346322536468506,28,10,published,lstm,4,43
s11_state0,0,5.0,4.011964321136475,34,11,published,lstm,4,43
s11_state10,10,5.0,3.8247008323669434,65,11,published,lstm,4,43
s11_state5,5,0.0,3.2729411125183105,51,11,published,lstm,4,43
s15_state0,0,5.0,3.711672067642212,108,15,published,lstm,4,43
s15_state10,10,5.0,6.1490797996521,187,15,published,lstm,4,43
s15_state5,5,5.0,3.8785815238952637,179,15,published,lstm,4,43
s16_state0,0,0.0,2.258997917175293,1,16,published,lstm,4,43
s16_state10,10,10.0,7.562126159667969,98,16,published,lstm,4,43
s16_state5,5,0.0,3.8039865493774414,30,16,published,lstm,4,43
s19_state0,0,5.0,3.7389791011810303,76,19,published,lstm,4,43
s19_state10,10,0.0,1.8614027500152588,82,19,published,lstm,4,43
s19_state5,5,0.0,2.9889235496520996,110,19,published,lstm,4,43
s27_state0,0,0.0,3.760258674621582,17,27,published,lstm,4,43
s27_state10,10,10.0,7.971648216247559,53,27,published,lstm,4,43
s27_state5,5,5.0,5.278927326202393,22,27,published,lstm,4,43
s43_state0,0,0.0,2.372957229614258,32,43,published,lstm,4,43
s43_state10,10,10.0,7.219235420227051,107,43,published,lstm,4,43
s43_state5,5,10.0,7.329371929168701,88,43,published,lstm,4,43
s44_state0,0,0.0,2.46469783782959,60,44,published,lstm,4,43
s44_state10,10,10.0,7.307638645172119,148,44,published,lstm,4,43
s44_state5,5,10.0,7.10247802734375,236,44,published,lstm,4,43
s49_state0,0,0.0,1.7152245044708252,28,49,published,lstm,4,43
s49_state10,10,10.0,7.994561672210693,48,49,published,lstm,4,43
s49_state5,5,5.0,4.923535346984863,95,49,published,lstm,4,43
s52_state0,0,5.0,4.913331031799316,21,52,published,lstm,4,43
s52_state10,10,5.0,6.743659973144531,123,52,published,lstm,4,43
s52_state5,5,10.0,7.264955043792725,172,52,published,lstm,4,43
s05_state0,0,0.0,2.3639352321624756,48,05,published,attn,0,42
s05_state10,10,5.0,5.615177154541016,127,05,published,attn,0,42
s05_state5,5,0.0,3.0193958282470703,76,05,published,attn,0,42
s06_state0,0,0.0,1.4825680255889893,67,06,published,attn,0,42
s06_state10,10,0.0,1.3973599672317505,45,06,published,attn,0,42
s06_state5,5,0.0,2.406497001647949,50,06,published,attn,0,42
s14_state0,0,0.0,2.019670009613037,35,14,published,attn,0,42
s14_state10,10,10.0,8.812336921691895,118,14,published,attn,0,42
s14_state5,5,10.0,9.343159675598145,181,14,published,attn,0,42
s18_state0,0,5.0,5.0508713722229,75,18,published,attn,0,42
s18_state10,10,10.0,8.366410255432129,76,18,published,attn,0,42
s18_state5,5,5.0,5.191710948944092,126,18,published,attn,0,42
s23_state0,0,0.0,3.0449750423431396,4,23,published,attn,0,42
s23_state10,10,5.0,6.206974029541016,35,23,published,attn,0,42
s23_state5,5,10.0,7.173122406005859,98,23,published,attn,0,42
s24_state0,0,0.0,1.6796163320541382,193,24,published,attn,0,42
s24_state10,10,5.0,5.424371719360352,291,24,published,attn,0,42
s24_state5,5,5.0,4.143092155456543,275,24,published,attn,0,42
s25_state0,0,0.0,1.8880000114440918,1,25,published,attn,0,42
s25_state10,10,10.0,9.37169075012207,59,25,published,attn,0,42
s25_state5,5,10.0,9.22265911102295,58,25,published,attn,0,42
s41_state0,0,0.0,3.2071051597595215,1,41,published,attn,0,42
s41_state10,10,5.0,5.753345489501953,1,41,published,attn,0,42
s41_state5,5,10.0,7.650172710418701,11,41,published,attn,0,42
s51_state0,0,0.0,2.3540327548980713,18,51,published,attn,0,42
s51_state10,10,5.0,4.389518737792969,103,51,published,attn,0,42
s51_state5,5,5.0,4.1765217781066895,112,51,published,attn,0,42
s53_state0,0,0.0,1.8236455917358398,10,53,published,attn,0,42
s53_state10,10,10.0,6.819428443908691,62,53,published,attn,0,42
s53_state5,5,10.0,7.252429962158203,17,53,published,attn,0,42
s55_state0,0,0.0,2.7769522666931152,30,55,published,attn,0,42
s55_state5,5,5.0,6.134247779846191,148,55,published,attn,0,42
s56_state0,0,0.0,1.8066775798797607,1,56,published,attn,0,42
s56_state10,10,10.0,8.956295013427734,91,56,published,attn,0,42
s56_state5,5,10.0,7.410800457000732,111,56,published,attn,0,42
s05_state0,0,0.0,2.561572313308716,48,05,published,attn,0,43
s05_state10,10,5.0,5.410323143005371,127,05,published,attn,0,43
s05_state5,5,5.0,3.8909995555877686,76,05,published,attn,0,43
s06_state0,0,0.0,2.0666635036468506,67,06,published,attn,0,43
s06_state10,10,0.0,1.7506883144378662,45,06,published,attn,0,43
s06_state5,5,0.0,3.0709924697875977,50,06,published,attn,0,43
s14_state0,0,0.0,2.2740261554718018,35,14,published,attn,0,43
s14_state10,10,10.0,8.416839599609375,118,14,published,attn,0,43
s14_state5,5,10.0,9.15005111694336,181,14,published,attn,0,43
s18_state0,0,5.0,5.432714939117432,75,18,published,attn,0,43
s18_state10,10,10.0,7.567850112915039,76,18,published,attn,0,43
s18_state5,5,5.0,5.263592720031738,126,18,published,attn,0,43
s23_state0,0,5.0,3.637211799621582,4,23,published,attn,0,43
s23_state10,10,5.0,6.714418411254883,35,23,published,attn,0,43
s23_state5,5,5.0,6.281811714172363,98,23,published,attn,0,43
s24_state0,0,0.0,2.4268152713775635,193,24,published,attn,0,43
s24_state10,10,5.0,5.7864885330200195,291,24,published,attn,0,43
s24_state5,5,5.0,4.599276542663574,275,24,published,attn,0,43
s25_state0,0,0.0,2.7083587646484375,1,25,published,attn,0,43
s25_state10,10,10.0,9.377836227416992,59,25,published,attn,0,43
s25_state5,5,10.0,8.821016311645508,58,25,published,attn,0,43
s41_state0,0,5.0,4.27957010269165,1,41,published,attn,0,43
s41_state10,10,10.0,9.037436485290527,1,41,published,attn,0,43
s41_state5,5,10.0,7.279894828796387,11,41,published,attn,0,43
s51_state0,0,0.0,2.51116681098938,18,51,published,attn,0,43
s51_state10,10,5.0,5.08906888961792,103,51,published,attn,0,43
s51_state5,5,5.0,4.540412425994873,112,51,published,attn,0,43
s53_state0,0,0.0,2.7074313163757324,10,53,published,attn,0,43
s53_state10,10,10.0,6.7736945152282715,62,53,published,attn,0,43
s53_state5,5,10.0,7.573919773101807,17,53,published,attn,0,43
s55_state0,0,0.0,2.8964385986328125,30,55,published,attn,0,43
s55_state5,5,5.0,6.268867492675781,148,55,published,attn,0,43
s56_state0,0,0.0,2.495978355407715,1,56,published,attn,0,43
s56_state10,10,10.0,9.241588592529297,91,56,published,attn,0,43
s56_state5,5,10.0,7.7806572914123535,111,56,published,attn,0,43
s01_state0,0,0.0,1.789940357208252,101,01,published,attn,1,42
s01_state10,10,0.0,2.070596933364868,111,01,published,attn,1,42
s01_state5,5,0.0,1.915128231048584,100,01,published,attn,1,42
s09_state0,0,0.0,1.8695034980773926,41,09,published,attn,1,42
s09_state10,10,0.0,2.3855724334716797,64,09,published,attn,1,42
s09_state5,5,5.0,3.643519401550293,85,09,published,attn,1,42
s12_state0,0,0.0,1.8775542974472046,59,12,published,attn,1,42
s12_state10,10,10.0,7.678102493286133,95,12,published,attn,1,42
s12_state5,5,0.0,4.006811141967773,77,12,published,attn,1,42
s13_state0,0,10.0,6.975708484649658,3,13,published,attn,1,42
s13_state10,10,10.0,7.42542839050293,107,13,published,attn,1,42
s13_state5,5,10.0,8.284111022949219,53,13,published,attn,1,42
s17_state0,0,0.0,3.4891164302825928,9,17,published,attn,1,42
s17_state10,10,10.0,8.42398738861084,69,17,published,attn,1,42
s17_state5,5,10.0,7.280250549316406,52,17,published,attn,1,42
s22_state0,0,5.0,5.1265058517456055,10,22,published,attn,1,42
s22_state10,10,10.0,9.824302673339844,59,22,published,attn,1,42
s22_state5,5,10.0,9.125728607177734,45,22,published,attn,1,42
s26_state0,0,0.0,2.313565731048584,1,26,published,attn,1,42
s26_state10,10,5.0,6.111408710479736,102,26,published,attn,1,42
s26_state5,5,5.0,5.839426040649414,132,26,published,attn,1,42
s39_state0,0,0.0,3.287283182144165,7,39,published,attn,1,42
s39_state10,10,10.0,7.9688720703125,166,39,published,attn,1,42
s39_state5,5,5.0,6.699865341186523,205,39,published,attn,1,42
s54_state0,0,0.0,2.2374610900878906,15,54,published,attn,1,42
s54_state10,10,5.0,3.915027141571045,20,54,published,attn,1,42
s54_state5,5,5.0,4.728097915649414,24,54,published,attn,1,42
s57_state0,0,0.0,3.447683811187744,47,57,published,attn,1,42
s57_state10,10,10.0,6.7044997215271,58,57,published,attn,1,42
s57_state5,5,0.0,1.7035318613052368,48,57,published,attn,1,42
s59_state0,0,5.0,3.46943998336792,135,59,published,attn,1,42
s59_state10,10,0.0,4.283613681793213,193,59,published,attn,1,42
s59_state5,5,5.0,6.524257659912109,228,59,published,attn,1,42
s60_state0,0,0.0,1.5700902938842773,55,60,published,attn,1,42
s60_state10,10,0.0,2.2764151096343994,75,60,published,attn,1,42
s60_state5,5,5.0,6.117032051086426,127,60,published,attn,1,42
s01_state0,0,0.0,2.011152982711792,101,01,published,attn,1,43
s01_state10,10,0.0,2.589768648147583,111,01,published,attn,1,43
s01_state5,5,0.0,2.3981542587280273,100,01,published,attn,1,43
s09_state0,0,0.0,2.2654802799224854,41,09,published,attn,1,43
s09_state10,10,0.0,2.424985885620117,64,09,published,attn,1,43
s09_state5,5,0.0,3.462466239929199,85,09,published,attn,1,43
s12_state0,0,0.0,2.164424419403076,59,12,published,attn,1,43
s12_state10,10,10.0,8.630990028381348,95,12,published,attn,1,43
s12_state5,5,5.0,4.774051189422607,77,12,published,attn,1,43
s13_state0,0,10.0,8.520550727844238,3,13,published,attn,1,43
s13_state10,10,10.0,7.580981731414795,107,13,published,attn,1,43
s13_state5,5,10.0,7.763426780700684,53,13,published,attn,1,43
s17_state0,0,0.0,3.1657323837280273,9,17,published,attn,1,43
s17_state10,10,10.0,7.788432598114014,69,17,published,attn,1,43
s17_state5,5,5.0,6.281060218811035,52,17,published,attn,1,43
s22_state0,0,5.0,4.9987568855285645,10,22,published,attn,1,43
s22_state10,10,10.0,8.859153747558594,59,22,published,attn,1,43
s22_state5,5,10.0,8.697749137878418,45,22,published,attn,1,43
s26_state0,0,0.0,2.4053866863250732,1,26,published,attn,1,43
s26_state10,10,5.0,3.669051170349121,102,26,published,attn,1,43
s26_state5,5,5.0,4.146292209625244,132,26,published,attn,1,43
s39_state0,0,5.0,4.040186405181885,7,39,published,attn,1,43
s39_state10,10,10.0,7.844555854797363,166,39,published,attn,1,43
s39_state5,5,10.0,7.798308849334717,205,39,published,attn,1,43
s54_state0,0,0.0,2.328038215637207,15,54,published,attn,1,43
s54_state10,10,5.0,4.306502342224121,20,54,published,attn,1,43
s54_state5,5,5.0,4.3489532470703125,24,54,published,attn,1,43
s57_state0,0,0.0,3.8304543495178223,47,57,published,attn,1,43
s57_state10,10,10.0,7.99315071105957,58,57,published,attn,1,43
s57_state5,5,0.0,3.2513511180877686,48,57,published,attn,1,43
s59_state0,0,5.0,3.732607126235962,135,59,published,attn,1,43
s59_state10,10,5.0,4.6527018547058105,193,59,published,attn,1,43
s59_state5,5,5.0,5.728623867034912,228,59,published,attn,1,43
s60_state0,0,0.0,2.002307176589966,55,60,published,attn,1,43
s60_state10,10,0.0,2.6542439460754395,75,60,published,attn,1,43
s60_state5,5,5.0,5.880134582519531,127,60,published,attn,1,43
s02_state0,0,5.0,4.497218608856201,12,02,published,attn,2,42
s02_state10,10,5.0,6.503771781921387,39,02,published,attn,2,42
s02_state5,5,10.0,8.725706100463867,39,02,published,attn,2,42
s07_state0,0,0.0,2.459444999694824,43,07,published,attn,2,42
s07_state10,10,5.0,4.788783073425293,99,07,published,attn,2,42
s07_state5,5,10.0,7.779113292694092,129,07,published,attn,2,42
s20_state0,0,5.0,4.084044933319092,45,20,published,attn,2,42
s20_state10,10,5.0,5.817554950714111,85,20,published,attn,2,42
s20_state5,5,0.0,2.536263942718506,29,20,published,attn,2,42
s21_state0,0,5.0,3.2754714488983154,17,21,published,attn,2,42
s21_state10,10,5.0,5.4861273765563965,160,21,published,attn,2,42
s21_state5,5,5.0,5.920372486114502,114,21,published,attn,2,42
s28_state0,0,0.0,2.348895311355591,54,28,published,attn,2,42
s28_state10,10,5.0,3.903458595275879,87,28,published,attn,2,42
s28_state5,5,5.0,4.297245025634766,21,28,published,attn,2,42
s31_state0,0,5.0,5.139593601226807,192,31,published,attn,2,42
s31_state10,10,10.0,7.31163215637207,111,31,published,attn,2,42
s31_state5,5,5.0,5.940865516662598,232,31,published,attn,2,42
s32_state0,0,0.0,3.5295591354370117,33,32,published,attn,2,42
s32_state5,5,5.0,4.957180976867676,52,32,published,attn,2,42
s33_state0,0,0.0,2.595733642578125,1,33,published,attn,2,42
s33_state10,10,5.0,5.679624080657959,84,33,published,attn,2,42
s33_state5,5,5.0,5.61387825012207,44,33,published,attn,2,42
s35_state0,0,0.0,2.629591703414917,73,35,published,attn,2,42
s35_state10,10,10.0,7.772116661071777,157,35,published,attn,2,42
s35_state5,5,10.0,6.963583469390869,170,35,published,attn,2,42
s36_state0,0,0.0,2.357595920562744,40,36,published,attn,2,42
s36_state10,10,10.0,8.300047874450684,89,36,published,attn,2,42
s36_state5,5,10.0,8.44957447052002,89,36,published,attn,2,42
s37_state0,0,0.0,2.727818727493286,13,37,published,attn,2,42
s37_state10,10,10.0,6.9889750480651855,128,37,published,attn,2,42
s37_state5,5,10.0,7.29969596862793,53,37,published,attn,2,42
s45_state0,0,0.0,2.6315431594848633,50,45,published,attn,2,42
s45_state10,10,10.0,8.010941505432129,121,45,published,attn,2,42
s45_state5,5,5.0,3.941606283187866,79,45,published,attn,2,42
s02_state0,0,5.0,5.368847370147705,12,02,published,attn,2,43
s02_state10,10,10.0,6.840857028961182,39,02,published,attn,2,43
s02_state5,5,10.0,8.923644065856934,39,02,published,attn,2,43
s07_state0,0,0.0,2.5119423866271973,43,07,published,attn,2,43
s07_state10,10,5.0,5.37919282913208,99,07,published,attn,2,43
s07_state5,5,5.0,5.985110282897949,129,07,published,attn,2,43
s20_state0,0,5.0,3.8897111415863037,45,20,published,attn,2,43
s20_state10,10,5.0,6.1912431716918945,85,20,published,attn,2,43
s20_state5,5,0.0,2.1476142406463623,29,20,published,attn,2,43
s21_state0,0,0.0,3.1399667263031006,17,21,published,attn,2,43
s21_state10,10,5.0,5.530888557434082,160,21,published,attn,2,43
s21_state5,5,5.0,5.925963401794434,114,21,published,attn,2,43
s28_state0,0,0.0,2.311246156692505,54,28,published,attn,2,43
s28_state10,10,5.0,5.2916035652160645,87,28,published,attn,2,43
s28_state5,5,5.0,5.109119892120361,21,28,published,attn,2,43
s31_state0,0,5.0,5.102536678314209,192,31,published,attn,2,43
s31_state10,10,10.0,8.780409812927246,111,31,published,attn,2,43
s31_state5,5,10.0,6.621971607208252,232,31,published,attn,2,43
s32_state0,0,5.0,4.163127422332764,33,32,published,attn,2,43
s32_state5,5,5.0,5.818169593811035,52,32,published,attn,2,43
s33_state0,0,0.0,2.6787686347961426,1,33,published,attn,2,43
s33_state10,10,5.0,5.560755729675293,84,33,published,attn,2,43
s33_state5,5,5.0,6.151698589324951,44,33,published,attn,2,43
s35_state0,0,0.0,2.651977300643921,73,35,published,attn,2,43
s35_state10,10,10.0,8.67403793334961,157,35,published,attn,2,43
s35_state5,5,10.0,6.8674445152282715,170,35,published,attn,2,43
s36_state0,0,0.0,2.1849613189697266,40,36,published,attn,2,43
s36_state10,10,10.0,8.098716735839844,89,36,published,attn,2,43
s36_state5,5,10.0,8.478089332580566,89,36,published,attn,2,43
s37_state0,0,0.0,2.8046071529388428,13,37,published,attn,2,43
s37_state10,10,10.0,7.438666343688965,128,37,published,attn,2,43
s37_state5,5,10.0,7.501308917999268,53,37,published,attn,2,43
s45_state0,0,0.0,2.8848929405212402,50,45,published,attn,2,43
s45_state10,10,10.0,7.5899128913879395,121,45,published,attn,2,43
s45_state5,5,5.0,3.7702131271362305,79,45,published,attn,2,43
s03_state0,0,5.0,3.350384473800659,44,03,published,attn,3,42
s03_state10,10,10.0,7.784043788909912,151,03,published,attn,3,42
s03_state5,5,5.0,6.249154567718506,54,03,published,attn,3,42
s29_state0,0,0.0,3.1041033267974854,31,29,published,attn,3,42
s29_state10,10,10.0,8.023662567138672,67,29,published,attn,3,42
s29_state5,5,10.0,7.373831748962402,42,29,published,attn,3,42
s30_state0,0,0.0,3.2475945949554443,56,30,published,attn,3,42
s30_state10,10,10.0,6.4245285987854,117,30,published,attn,3,42
s30_state5,5,5.0,5.890539646148682,113,30,published,attn,3,42
s34_state0,0,5.0,6.5192718505859375,1,34,published,attn,3,42
s34_state10,10,10.0,7.697497367858887,105,34,published,attn,3,42
s34_state5,5,10.0,9.330366134643555,71,34,published,attn,3,42
s38_state0,0,5.0,4.384851932525635,9,38,published,attn,3,42
s38_state10,10,10.0,8.23125171661377,73,38,published,attn,3,42
s38_state5,5,10.0,7.234139442443848,54,38,published,attn,3,42
s40_state0,0,0.0,2.4996883869171143,32,40,published,attn,3,42
s40_state10,10,5.0,6.292812824249268,101,40,published,attn,3,42
s40_state5,5,10.0,6.77148962020874,69,40,published,attn,3,42
s42_state0,0,0.0,3.1326403617858887,39,42,published,attn,3,42
s42_state10,10,10.0,8.319988250732422,225,42,published,attn,3,42
s42_state5,5,10.0,7.330535888671875,148,42,published,attn,3,42
s46_state0,0,5.0,3.7253270149230957,7,46,published,attn,3,42
s46_state10,10,5.0,5.801266193389893,144,46,published,attn,3,42
s46_state5,5,5.0,6.86479377746582,52,46,published,attn,3,42
s47_state0,0,5.0,3.8437085151672363,5,47,published,attn,3,42
s47_state10,10,10.0,8.317083358764648,77,47,published,attn,3,42
s47_state5,5,5.0,5.786953449249268,27,47,published,attn,3,42
s48_state0,0,5.0,4.125406265258789,128,48,published,attn,3,42
s48_state10,10,10.0,7.8824639320373535,178,48,published,attn,3,42
s48_state5,5,5.0,6.680718898773193,219,48,published,attn,3,42
s50_state0,0,0.0,2.424922466278076,1,50,published,attn,3,42
s50_state10,10,10.0,7.873551845550537,37,50,published,attn,3,42
s50_state5,5,10.0,7.9721150398254395,37,50,published,attn,3,42
s58_state0,0,0.0,2.7399370670318604,44,58,published,attn,3,42
s58_state10,10,10.0,8.196345329284668,125,58,published,attn,3,42
s58_state5,5,5.0,4.686694622039795,107,58,published,attn,3,42
s03_state0,0,5.0,3.592111349105835,44,03,published,attn,3,43
s03_state10,10,10.0,7.469396591186523,151,03,published,attn,3,43
s03_state5,5,10.0,7.1166253089904785,54,03,published,attn,3,43
s29_state0,0,0.0,2.9512948989868164,31,29,published,attn,3,43
s29_state10,10,10.0,7.501368045806885,67,29,published,attn,3,43
s29_state5,5,5.0,6.503508567810059,42,29,published,attn,3,43
s30_state0,0,5.0,3.5241055488586426,56,30,published,attn,3,43
s30_state10,10,5.0,6.380059719085693,117,30,published,attn,3,43
s30_state5,5,5.0,6.30521297454834,113,30,published,attn,3,43
s34_state0,0,10.0,7.474874496459961,1,34,published,attn,3,43
s34_state10,10,10.0,7.877657413482666,105,34,published,attn,3,43
s34_state5,5,10.0,7.439106464385986,71,34,published,attn,3,43
s38_state0,0,5.0,6.188892841339111,9,38,published,attn,3,43
s38_state10,10,10.0,7.49549674987793,73,38,published,attn,3,43
s38_state5,5,10.0,7.510788917541504,54,38,published,attn,3,43
s40_state0,0,0.0,2.8948678970336914,32,40,published,attn,3,43
s40_state10,10,10.0,7.307104587554932,101,40,published,attn,3,43
s40_state5,5,10.0,6.887056827545166,69,40,published,attn,3,43
s42_state0,0,0.0,3.4765422344207764,39,42,published,attn,3,43
s42_state10,10,10.0,7.642283916473389,225,42,published,attn,3,43
s42_state5,5,10.0,7.118555068969727,148,42,published,attn,3,43
s46_state0,0,5.0,4.348429203033447,7,46,published,attn,3,43
s46_state10,10,5.0,6.125467777252197,144,46,published,attn,3,43
s46_state5,5,5.0,6.361147880554199,52,46,published,attn,3,43
s47_state0,0,5.0,4.7267584800720215,5,47,published,attn,3,43
s47_state10,10,10.0,7.719032287597656,77,47,published,attn,3,43
s47_state5,5,5.0,5.570611953735352,27,47,published,attn,3,43
s48_state0,0,5.0,4.239902496337891,128,48,published,attn,3,43
s48_state10,10,10.0,7.434804916381836,178,48,published,attn,3,43
s48_state5,5,5.0,6.4383978843688965,219,48,published,attn,3,43
s50_state0,0,0.0,2.8711202144622803,1,50,published,attn,3,43
s50_state10,10,10.0,7.485145568847656,37,50,published,attn,3,43
s50_state5,5,5.0,6.559077262878418,37,50,published,attn,3,43
s58_state0,0,0.0,3.019463539123535,44,58,published,attn,3,43
s58_state10,10,10.0,7.514777660369873,125,58,published,attn,3,43
s58_state5,5,5.0,5.151612281799316,107,58,published,attn,3,43
s04_state0,0,0.0,3.3442275524139404,48,04,published,attn,4,42
s04_state10,10,10.0,6.855194568634033,49,04,published,attn,4,42
s04_state5,5,5.0,5.229991436004639,96,04,published,attn,4,42
s08_state0,0,5.0,4.011380672454834,11,08,published,attn,4,42
s08_state10,10,10.0,7.479465484619141,177,08,published,attn,4,42
s08_state5,5,5.0,4.735469818115234,48,08,published,attn,4,42
s10_state0,0,5.0,4.210131645202637,1,10,published,attn,4,42
s10_state10,10,10.0,7.57875394821167,48,10,published,attn,4,42
s10_state5,5,5.0,4.460737228393555,28,10,published,attn,4,42
s11_state0,0,5.0,4.229548931121826,34,11,published,attn,4,42
s11_state10,10,5.0,6.281839847564697,65,11,published,attn,4,42
s11_state5,5,0.0,3.671915292739868,51,11,published,attn,4,42
s15_state0,0,0.0,3.3396711349487305,108,15,published,attn,4,42
s15_state10,10,5.0,4.788477897644043,187,15,published,attn,4,42
s15_state5,5,0.0,3.2871408462524414,179,15,published,attn,4,42
s16_state0,0,0.0,2.5153841972351074,1,16,published,attn,4,42
s16_state10,10,10.0,8.877167701721191,98,16,published,attn,4,42
s16_state5,5,5.0,4.499491214752197,30,16,published,attn,4,42
s19_state0,0,5.0,5.2771711349487305,76,19,published,attn,4,42
s19_state10,10,5.0,6.277113914489746,82,19,published,attn,4,42
s19_state5,5,5.0,5.0502142906188965,110,19,published,attn,4,42
s27_state0,0,5.0,4.593986988067627,17,27,published,attn,4,42
s27_state10,10,10.0,8.030777931213379,53,27,published,attn,4,42
s27_state5,5,5.0,4.826437950134277,22,27,published,attn,4,42
s43_state0,0,0.0,3.255070209503174,32,43,published,attn,4,42
s43_state10,10,10.0,8.13200855255127,107,43,published,attn,4,42
s43_state5,5,10.0,8.217423439025879,88,43,published,attn,4,42
s44_state0,0,0.0,3.215413808822632,60,44,published,attn,4,42
s44_state10,10,10.0,8.258384704589844,148,44,published,attn,4,42
s44_state5,5,10.0,8.344074249267578,236,44,published,attn,4,42
s49_state0,0,0.0,2.411188840866089,28,49,published,attn,4,42
s49_state10,10,10.0,7.25166654586792,48,49,published,attn,4,42
s49_state5,5,5.0,5.132163047790527,95,49,published,attn,4,42
s52_state0,0,5.0,3.834447145462036,21,52,published,attn,4,42
s52_state10,10,10.0,8.454981803894043,123,52,published,attn,4,42
s52_state5,5,10.0,8.500911712646484,172,52,published,attn,4,42
s04_state0,0,0.0,2.5330376625061035,48,04,published,attn,4,43
s04_state10,10,5.0,6.177402496337891,49,04,published,attn,4,43
s04_state5,5,10.0,6.588799953460693,96,04,published,attn,4,43
s08_state0,0,5.0,5.082259178161621,11,08,published,attn,4,43
s08_state10,10,10.0,8.215497970581055,177,08,published,attn,4,43
s08_state5,5,10.0,5.656095504760742,48,08,published,attn,4,43
s10_state0,0,5.0,4.911539077758789,1,10,published,attn,4,43
s10_state10,10,10.0,6.996074199676514,48,10,published,attn,4,43
s10_state5,5,5.0,4.765083312988281,28,10,published,attn,4,43
s11_state0,0,5.0,5.911369323730469,34,11,published,attn,4,43
s11_state10,10,0.0,3.141360282897949,65,11,published,attn,4,43
s11_state5,5,0.0,1.8246575593948364,51,11,published,attn,4,43
s15_state0,0,5.0,4.223110675811768,108,15,published,attn,4,43
s15_state10,10,5.0,6.135819435119629,187,15,published,attn,4,43
s15_state5,5,5.0,4.143208980560303,179,15,published,attn,4,43
s16_state0,0,0.0,2.012044906616211,1,16,published,attn,4,43
s16_state10,10,10.0,8.754103660583496,98,16,published,attn,4,43
s16_state5,5,5.0,4.190474510192871,30,16,published,attn,4,43
s19_state0,0,5.0,4.90036153793335,76,19,published,attn,4,43
s19_state10,10,5.0,3.390048027038574,82,19,published,attn,4,43
s19_state5,5,5.0,4.553194999694824,110,19,published,attn,4,43
s27_state0,0,5.0,4.889373779296875,17,27,published,attn,4,43
s27_state10,10,10.0,8.493484497070312,53,27,published,attn,4,43
s27_state5,5,5.0,5.193693161010742,22,27,published,attn,4,43
s43_state0,0,0.0,3.2573459148406982,32,43,published,attn,4,43
s43_state10,10,10.0,7.628252983093262,107,43,published,attn,4,43
s43_state5,5,10.0,7.284751892089844,88,43,published,attn,4,43
s44_state0,0,0.0,3.3576014041900635,60,44,published,attn,4,43
s44_state10,10,10.0,8.531124114990234,148,44,published,attn,4,43
s44_state5,5,10.0,8.921744346618652,236,44,published,attn,4,43
s49_state0,0,0.0,1.5767301321029663,28,49,published,attn,4,43
s49_state10,10,10.0,7.460878849029541,48,49,published,attn,4,43
s49_state5,5,5.0,5.190768241882324,95,49,published,attn,4,43
s52_state0,0,5.0,3.984968900680542,21,52,published,attn,4,43
s52_state10,10,10.0,8.178750991821289,123,52,published,attn,4,43
s52_state5,5,10.0,8.59941291809082,172,52,published,attn,4,43
s05_state0,0,0.0,2.4385950565338135,48,05,corrected,fc,0,42
s05_state10,10,5.0,4.6397271156311035,127,05,corrected,fc,0,42
s05_state5,5,5.0,4.007772922515869,76,05,corrected,fc,0,42
s06_state0,0,0.0,2.2631118297576904,67,06,corrected,fc,0,42
s06_state10,10,0.0,1.9377995729446411,45,06,corrected,fc,0,42
s06_state5,5,0.0,2.3635666370391846,50,06,corrected,fc,0,42
s14_state0,0,0.0,2.8699584007263184,35,14,corrected,fc,0,42
s14_state10,10,10.0,7.234193801879883,118,14,corrected,fc,0,42
s14_state5,5,5.0,6.681705951690674,181,14,corrected,fc,0,42
s18_state0,0,5.0,5.182674884796143,75,18,corrected,fc,0,42
s18_state10,10,10.0,7.739263534545898,76,18,corrected,fc,0,42
s18_state5,5,5.0,5.986146450042725,126,18,corrected,fc,0,42
s23_state0,0,5.0,4.635611534118652,4,23,corrected,fc,0,42
s23_state10,10,10.0,6.675732612609863,35,23,corrected,fc,0,42
s23_state5,5,10.0,6.9279561042785645,98,23,corrected,fc,0,42
s24_state0,0,0.0,2.5691983699798584,193,24,corrected,fc,0,42
s24_state10,10,5.0,5.099792003631592,291,24,corrected,fc,0,42
s24_state5,5,5.0,4.171712398529053,275,24,corrected,fc,0,42
s25_state0,0,0.0,2.3424811363220215,1,25,corrected,fc,0,42
s25_state10,10,5.0,6.647743225097656,59,25,corrected,fc,0,42
s25_state5,5,10.0,7.264375686645508,58,25,corrected,fc,0,42
s41_state0,0,5.0,4.239192962646484,1,41,corrected,fc,0,42
s41_state10,10,10.0,10.0,1,41,corrected,fc,0,42
s41_state5,5,10.0,6.887443542480469,11,41,corrected,fc,0,42
s51_state0,0,0.0,3.25911545753479,18,51,corrected,fc,0,42
s51_state10,10,5.0,4.459601402282715,103,51,corrected,fc,0,42
s51_state5,5,5.0,4.97880220413208,112,51,corrected,fc,0,42
s53_state0,0,0.0,3.3599026203155518,10,53,corrected,fc,0,42
s53_state10,10,5.0,5.736239910125732,62,53,corrected,fc,0,42
s53_state5,5,5.0,5.805991172790527,17,53,corrected,fc,0,42
s55_state0,0,0.0,2.7366280555725098,30,55,corrected,fc,0,42
s55_state5,5,10.0,6.674584865570068,148,55,corrected,fc,0,42
s56_state0,0,0.0,3.138246774673462,1,56,corrected,fc,0,42
s56_state10,10,10.0,6.758899211883545,91,56,corrected,fc,0,42
s56_state5,5,5.0,6.591262340545654,111,56,corrected,fc,0,42
s05_state0,0,0.0,1.9546891450881958,48,05,corrected,fc,0,43
s05_state10,10,5.0,4.692628860473633,127,05,corrected,fc,0,43
s05_state5,5,0.0,3.4642350673675537,76,05,corrected,fc,0,43
s06_state0,0,0.0,1.5303277969360352,67,06,corrected,fc,0,43
s06_state10,10,0.0,1.3299603462219238,45,06,corrected,fc,0,43
s06_state5,5,0.0,1.8816642761230469,50,06,corrected,fc,0,43
s14_state0,0,0.0,1.9071134328842163,35,14,corrected,fc,0,43
s14_state10,10,10.0,8.647815704345703,118,14,corrected,fc,0,43
s14_state5,5,10.0,9.223041534423828,181,14,corrected,fc,0,43
s18_state0,0,5.0,5.480528354644775,75,18,corrected,fc,0,43
s18_state10,10,10.0,8.778724670410156,76,18,corrected,fc,0,43
s18_state5,5,5.0,6.134899139404297,126,18,corrected,fc,0,43
s23_state0,0,0.0,2.800264358520508,4,23,corrected,fc,0,43
s23_state10,10,10.0,6.622321128845215,35,23,corrected,fc,0,43
s23_state5,5,5.0,6.721538543701172,98,23,corrected,fc,0,43
s24_state0,0,0.0,1.906388521194458,193,24,corrected,fc,0,43
s24_state10,10,5.0,5.995443820953369,291,24,corrected,fc,0,43
s24_state5,5,5.0,4.273575305938721,275,24,corrected,fc,0,43
s25_state0,0,0.0,2.3355884552001953,1,25,corrected,fc,0,43
s25_state10,10,10.0,9.202733039855957,59,25,corrected,fc,0,43
s25_state5,5,10.0,8.992305755615234,58,25,corrected,fc,0,43
s41_state0,0,5.0,5.056013107299805,1,41,corrected,fc,0,43
s41_state10,10,10.0,10.0,1,41,corrected,fc,0,43
s41_state5,5,10.0,8.743621826171875,11,41,corrected,fc,0,43
s51_state0,0,0.0,2.3570332527160645,18,51,corrected,fc,0,43
s51_state10,10,5.0,4.277482032775879,103,51,corrected,fc,0,43
s51_state5,5,5.0,4.843890190124512,112,51,corrected,fc,0,43
s53_state0,0,0.0,2.283970594406128,10,53,corrected,fc,0,43
s53_state10,10,5.0,5.913893699645996,62,53,corrected,fc,0,43
s53_state5,5,5.0,5.997684478759766,17,53,corrected,fc,0,43
s55_state0,0,0.0,2.068213701248169,30,55,corrected,fc,0,43
s55_state5,5,10.0,8.076884269714355,148,55,corrected,fc,0,43
s56_state0,0,0.0,1.2409048080444336,1,56,corrected,fc,0,43
s56_state10,10,10.0,9.109271049499512,91,56,corrected,fc,0,43
s56_state5,5,10.0,8.022546768188477,111,56,corrected,fc,0,43
s01_state0,0,0.0,2.5071237087249756,101,01,corrected,fc,1,42
s01_state10,10,0.0,3.2066686153411865,111,01,corrected,fc,1,42
s01_state5,5,0.0,2.220815896987915,100,01,corrected,fc,1,42
s09_state0,0,0.0,2.5492568016052246,41,09,corrected,fc,1,42
s09_state10,10,0.0,3.0841190814971924,64,09,corrected,fc,1,42
s09_state5,5,5.0,3.9485068321228027,85,09,corrected,fc,1,42
s12_state0,0,0.0,2.2235147953033447,59,12,corrected,fc,1,42
s12_state10,10,5.0,5.7212018966674805,95,12,corrected,fc,1,42
s12_state5,5,0.0,2.892782688140869,77,12,corrected,fc,1,42
s13_state0,0,5.0,5.752114772796631,3,13,corrected,fc,1,42
s13_state10,10,5.0,6.438905715942383,107,13,corrected,fc,1,42
s13_state5,5,5.0,5.814866542816162,53,13,corrected,fc,1,42
s17_state0,0,5.0,4.262025833129883,9,17,corrected,fc,1,42
s17_state10,10,5.0,6.125266075134277,69,17,corrected,fc,1,42
s17_state5,5,5.0,5.614964962005615,52,17,corrected,fc,1,42
s22_state0,0,5.0,4.621484756469727,10,22,corrected,fc,1,42
s22_state10,10,5.0,5.877427101135254,59,22,corrected,fc,1,42
s22_state5,5,5.0,5.918751239776611,45,22,corrected,fc,1,42
s26_state0,0,0.0,1.7781212329864502,1,26,corrected,fc,1,42
s26_state10,10,5.0,6.379554271697998,102,26,corrected,fc,1,42
s26_state5,5,5.0,6.337309837341309,132,26,corrected,fc,1,42
s39_state0,0,5.0,3.5848891735076904,7,39,corrected,fc,1,42
s39_state10,10,10.0,6.670468807220459,166,39,corrected,fc,1,42
s39_state5,5,10.0,6.678433418273926,205,39,corrected,fc,1,42
s54_state0,0,5.0,4.5623345375061035,15,54,corrected,fc,1,42
s54_state10,10,5.0,4.470754146575928,20,54,corrected,fc,1,42
s54_state5,5,5.0,3.89105224609375,24,54,corrected,fc,1,42
s57_state0,0,0.0,3.6702587604522705,47,57,corrected,fc,1,42
s57_state10,10,10.0,7.311956882476807,58,57,corrected,fc,1,42
s57_state5,5,5.0,5.647453784942627,48,57,corrected,fc,1,42
s59_state0,0,5.0,4.254695415496826,135,59,corrected,fc,1,42
s59_state10,10,5.0,4.3952226638793945,193,59,corrected,fc,1,42
s59_state5,5,5.0,6.2839741706848145,228,59,corrected,fc,1,42
s60_state0,0,0.0,2.554692268371582,55,60,corrected,fc,1,42
s60_state10,10,0.0,2.9884414672851562,75,60,corrected,fc,1,42
s60_state5,5,5.0,4.919841766357422,127,60,corrected,fc,1,42
s01_state0,0,0.0,1.696846842765808,101,01,corrected,fc,1,43
s01_state10,10,0.0,2.0086560249328613,111,01,corrected,fc,1,43
s01_state5,5,0.0,1.4900633096694946,100,01,corrected,fc,1,43
s09_state0,0,0.0,1.8720510005950928,41,09,corrected,fc,1,43
s09_state10,10,0.0,1.9627525806427002,64,09,corrected,fc,1,43
s09_state5,5,5.0,3.8105475902557373,85,09,corrected,fc,1,43
s12_state0,0,0.0,1.3953067064285278,59,12,corrected,fc,1,43
s12_state10,10,10.0,8.229491233825684,95,12,corrected,fc,1,43
s12_state5,5,5.0,4.260283470153809,77,12,corrected,fc,1,43
s13_state0,0,5.0,5.176970958709717,3,13,corrected,fc,1,43
s13_state10,10,10.0,8.131633758544922,107,13,corrected,fc,1,43
s13_state5,5,10.0,7.711252689361572,53,13,corrected,fc,1,43
s17_state0,0,0.0,2.510793924331665,9,17,corrected,fc,1,43
s17_state10,10,10.0,7.829658031463623,69,17,corrected,fc,1,43
s17_state5,5,10.0,7.444427013397217,52,17,corrected,fc,1,43
s22_state0,0,0.0,4.542830467224121,10,22,corrected,fc,1,43
s22_state10,10,10.0,9.422033309936523,59,22,corrected,fc,1,43
s22_state5,5,10.0,9.353211402893066,45,22,corrected,fc,1,43
s26_state0,0,0.0,2.0820693969726562,1,26,corrected,fc,1,43
s26_state10,10,5.0,5.461660385131836,102,26,corrected,fc,1,43
s26_state5,5,5.0,5.525087356567383,132,26,corrected,fc,1,43
s39_state0,0,5.0,3.3781352043151855,7,39,corrected,fc,1,43
s39_state10,10,10.0,6.861703395843506,166,39,corrected,fc,1,43
s39_state5,5,10.0,7.080770015716553,205,39,corrected,fc,1,43
s54_state0,0,5.0,3.539206027984619,15,54,corrected,fc,1,43
s54_state10,10,5.0,4.438351631164551,20,54,corrected,fc,1,43
s54_state5,5,5.0,4.674947261810303,24,54,corrected,fc,1,43
s57_state0,0,0.0,2.5470798015594482,47,57,corrected,fc,1,43
s57_state10,10,10.0,7.937748432159424,58,57,corrected,fc,1,43
s57_state5,5,5.0,6.12356424331665,48,57,corrected,fc,1,43
s59_state0,0,0.0,3.4415223598480225,135,59,corrected,fc,1,43
s59_state10,10,0.0,4.861059188842773,193,59,corrected,fc,1,43
s59_state5,5,5.0,5.6802473068237305,228,59,corrected,fc,1,43
s60_state0,0,0.0,1.411070704460144,55,60,corrected,fc,1,43
s60_state10,10,0.0,2.026235342025757,75,60,corrected,fc,1,43
s60_state5,5,5.0,5.626229286193848,127,60,corrected,fc,1,43
s02_state0,0,5.0,4.37756872177124,12,02,corrected,fc,2,42
s02_state10,10,5.0,6.401932716369629,39,02,corrected,fc,2,42
s02_state5,5,10.0,7.621319770812988,39,02,corrected,fc,2,42
s07_state0,0,0.0,1.9937515258789062,43,07,corrected,fc,2,42
s07_state10,10,5.0,5.513655185699463,99,07,corrected,fc,2,42
s07_state5,5,5.0,5.356191635131836,129,07,corrected,fc,2,42
s20_state0,0,5.0,4.497623920440674,45,20,corrected,fc,2,42
s20_state10,10,5.0,6.423337459564209,85,20,corrected,fc,2,42
s20_state5,5,0.0,1.7209045886993408,29,20,corrected,fc,2,42
s21_state0,0,0.0,3.1017212867736816,17,21,corrected,fc,2,42
s21_state10,10,5.0,5.907225131988525,160,21,corrected,fc,2,42
s21_state5,5,5.0,6.272788047790527,114,21,corrected,fc,2,42
s28_state0,0,0.0,2.4339802265167236,54,28,corrected,fc,2,42
s28_state10,10,5.0,5.711550712585449,87,28,corrected,fc,2,42
s28_state5,5,10.0,6.860321998596191,21,28,corrected,fc,2,42
s31_state0,0,5.0,5.5197672843933105,192,31,corrected,fc,2,42
s31_state10,10,10.0,8.17995834350586,111,31,corrected,fc,2,42
s31_state5,5,5.0,6.150026321411133,232,31,corrected,fc,2,42
s32_state0,0,5.0,4.0642991065979,33,32,corrected,fc,2,42
s32_state5,5,5.0,3.4541890621185303,52,32,corrected,fc,2,42
s33_state0,0,5.0,3.40986967086792,1,33,corrected,fc,2,42
s33_state10,10,5.0,6.063819885253906,84,33,corrected,fc,2,42
s33_state5,5,10.0,8.088404655456543,44,33,corrected,fc,2,42
s35_state0,0,0.0,2.113246440887451,73,35,corrected,fc,2,42
s35_state10,10,10.0,7.749197006225586,157,35,corrected,fc,2,42
s35_state5,5,5.0,6.388646125793457,170,35,corrected,fc,2,42
s36_state0,0,0.0,1.948298454284668,40,36,corrected,fc,2,42
s36_state10,10,10.0,7.5618767738342285,89,36,corrected,fc,2,42
s36_state5,5,10.0,7.368049621582031,89,36,corrected,fc,2,42
s37_state0,0,0.0,2.539527654647827,13,37,corrected,fc,2,42
s37_state10,10,10.0,6.999061584472656,128,37,corrected,fc,2,42
s37_state5,5,10.0,7.4065141677856445,53,37,corrected,fc,2,42
s45_state0,0,0.0,2.663348436355591,50,45,corrected,fc,2,42
s45_state10,10,10.0,8.05557918548584,121,45,corrected,fc,2,42
s45_state5,5,5.0,3.519414186477661,79,45,corrected,fc,2,42
s02_state0,0,5.0,4.335667610168457,12,02,corrected,fc,2,43
s02_state10,10,10.0,6.61517333984375,39,02,corrected,fc,2,43
s02_state5,5,10.0,8.181029319763184,39,02,corrected,fc,2,43
s07_state0,0,0.0,2.577204465866089,43,07,corrected,fc,2,43
s07_state10,10,5.0,5.813043117523193,99,07,corrected,fc,2,43
s07_state5,5,5.0,4.557062149047852,129,07,corrected,fc,2,43
s20_state0,0,5.0,3.8232967853546143,45,20,corrected,fc,2,43
s20_state10,10,5.0,5.859832286834717,85,20,corrected,fc,2,43
s20_state5,5,0.0,2.4217655658721924,29,20,corrected,fc,2,43
s21_state0,0,5.0,3.380807876586914,17,21,corrected,fc,2,43
s21_state10,10,5.0,5.9367876052856445,160,21,corrected,fc,2,43
s21_state5,5,5.0,6.63252067565918,114,21,corrected,fc,2,43
s28_state0,0,0.0,2.83858060836792,54,28,corrected,fc,2,43
s28_state10,10,5.0,6.1202216148376465,87,28,corrected,fc,2,43
s28_state5,5,10.0,7.4450364112854,21,28,corrected,fc,2,43
s31_state0,0,5.0,5.317316055297852,192,31,corrected,fc,2,43
s31_state10,10,10.0,8.315664291381836,111,31,corrected,fc,2,43
s31_state5,5,5.0,6.294114112854004,232,31,corrected,fc,2,43
s32_state0,0,5.0,3.855264663696289,33,32,corrected,fc,2,43
s32_state5,5,5.0,3.7051877975463867,52,32,corrected,fc,2,43
s33_state0,0,5.0,3.6056087017059326,1,33,corrected,fc,2,43
s33_state10,10,5.0,6.407873153686523,84,33,corrected,fc,2,43
s33_state5,5,10.0,8.527853965759277,44,33,corrected,fc,2,43
s35_state0,0,0.0,2.652038335800171,73,35,corrected,fc,2,43
s35_state10,10,10.0,7.713475227355957,157,35,corrected,fc,2,43
s35_state5,5,5.0,6.280752182006836,170,35,corrected,fc,2,43
s36_state0,0,0.0,2.43858003616333,40,36,corrected,fc,2,43
s36_state10,10,10.0,7.623688220977783,89,36,corrected,fc,2,43
s36_state5,5,10.0,7.528635025024414,89,36,corrected,fc,2,43
s37_state0,0,0.0,2.804826021194458,13,37,corrected,fc,2,43
s37_state10,10,10.0,7.365550994873047,128,37,corrected,fc,2,43
s37_state5,5,10.0,7.441135406494141,53,37,corrected,fc,2,43
s45_state0,0,0.0,3.0380241870880127,50,45,corrected,fc,2,43
s45_state10,10,10.0,8.696730613708496,121,45,corrected,fc,2,43
s45_state5,5,5.0,3.4598724842071533,79,45,corrected,fc,2,43
s03_state0,0,0.0,2.7050836086273193,44,03,corrected,fc,3,42
s03_state10,10,10.0,7.361376762390137,151,03,corrected,fc,3,42
s03_state5,5,5.0,6.681385517120361,54,03,corrected,fc,3,42
s29_state0,0,0.0,2.8515098094940186,31,29,corrected,fc,3,42
s29_state10,10,5.0,6.00607967376709,67,29,corrected,fc,3,42
s29_state5,5,5.0,5.781596660614014,42,29,corrected,fc,3,42
s30_state0,0,5.0,3.5947155952453613,56,30,corrected,fc,3,42
s30_state10,10,10.0,7.349916934967041,117,30,corrected,fc,3,42
s30_state5,5,10.0,7.2124104499816895,113,30,corrected,fc,3,42
s34_state0,0,5.0,6.029759407043457,1,34,corrected,fc,3,42
s34_state10,10,5.0,5.7571282386779785,105,34,corrected,fc,3,42
s34_state5,5,5.0,6.3565521240234375,71,34,corrected,fc,3,42
s38_state0,0,5.0,4.467823028564453,9,38,corrected,fc,3,42
s38_state10,10,10.0,7.040926933288574,73,38,corrected,fc,3,42
s38_state5,5,10.0,7.940746784210205,54,38,corrected,fc,3,42
s40_state0,0,0.0,2.816676616668701,32,40,corrected,fc,3,42
s40_state10,10,10.0,7.345394134521484,101,40,corrected,fc,3,42
s40_state5,5,5.0,6.476561069488525,69,40,corrected,fc,3,42
s42_state0,0,0.0,3.224752902984619,39,42,corrected,fc,3,42
s42_state10,10,10.0,7.098011016845703,225,42,corrected,fc,3,42
s42_state5,5,5.0,6.56198787689209,148,42,corrected,fc,3,42
s46_state0,0,0.0,3.5401880741119385,7,46,corrected,fc,3,42
s46_state10,10,5.0,5.72184419631958,144,46,corrected,fc,3,42
s46_state5,5,5.0,5.865511417388916,52,46,corrected,fc,3,42
s47_state0,0,0.0,3.295794725418091,5,47,corrected,fc,3,42
s47_state10,10,10.0,7.750912189483643,77,47,corrected,fc,3,42
s47_state5,5,5.0,5.063910961151123,27,47,corrected,fc,3,42
s48_state0,0,5.0,4.2381134033203125,128,48,corrected,fc,3,42
s48_state10,10,10.0,7.482966423034668,178,48,corrected,fc,3,42
s48_state5,5,5.0,5.999441623687744,219,48,corrected,fc,3,42
s50_state0,0,0.0,2.500922203063965,1,50,corrected,fc,3,42
s50_state10,10,10.0,6.930218696594238,37,50,corrected,fc,3,42
s50_state5,5,10.0,6.818074703216553,37,50,corrected,fc,3,42
s58_state0,0,0.0,2.084063768386841,44,58,corrected,fc,3,42
s58_state10,10,10.0,7.6064887046813965,125,58,corrected,fc,3,42
s58_state5,5,5.0,4.504016876220703,107,58,corrected,fc,3,42
s03_state0,0,0.0,2.965507745742798,44,03,corrected,fc,3,43
s03_state10,10,10.0,7.765440464019775,151,03,corrected,fc,3,43
s03_state5,5,5.0,6.154938697814941,54,03,corrected,fc,3,43
s29_state0,0,0.0,2.884643316268921,31,29,corrected,fc,3,43
s29_state10,10,5.0,5.717554569244385,67,29,corrected,fc,3,43
s29_state5,5,5.0,5.396399021148682,42,29,corrected,fc,3,43
s30_state0,0,5.0,3.7152798175811768,56,30,corrected,fc,3,43
s30_state10,10,10.0,6.822973728179932,117,30,corrected,fc,3,43
s30_state5,5,10.0,6.602638244628906,113,30,corrected,fc,3,43
s34_state0,0,5.0,5.202322959899902,1,34,corrected,fc,3,43
s34_state10,10,5.0,5.249599456787109,105,34,corrected,fc,3,43
s34_state5,5,5.0,6.8826165199279785,71,34,corrected,fc,3,43
s38_state0,0,5.0,4.5305938720703125,9,38,corrected,fc,3,43
s38_state10,10,10.0,7.240706920623779,73,38,corrected,fc,3,43
s38_state5,5,10.0,7.941418170928955,54,38,corrected,fc,3,43
s40_state0,0,0.0,2.853386878967285,32,40,corrected,fc,3,43
s40_state10,10,10.0,7.369481563568115,101,40,corrected,fc,3,43
s40_state5,5,10.0,6.8439621925354,69,40,corrected,fc,3,43
s42_state0,0,0.0,3.0878098011016846,39,42,corrected,fc,3,43
s42_state10,10,10.0,6.9539875984191895,225,42,corrected,fc,3,43
s42_state5,5,5.0,5.691494464874268,148,42,corrected,fc,3,43
s46_state0,0,5.0,3.873067855834961,7,46,corrected,fc,3,43
s46_state10,10,5.0,6.523356914520264,144,46,corrected,fc,3,43
s46_state5,5,5.0,5.202253341674805,52,46,corrected,fc,3,43
s47_state0,0,0.0,3.135242462158203,5,47,corrected,fc,3,43
s47_state10,10,10.0,7.561542510986328,77,47,corrected,fc,3,43
s47_state5,5,5.0,4.706052303314209,27,47,corrected,fc,3,43
s48_state0,0,5.0,3.9327127933502197,128,48,corrected,fc,3,43
s48_state10,10,10.0,7.0521159172058105,178,48,corrected,fc,3,43
s48_state5,5,5.0,6.084254264831543,219,48,corrected,fc,3,43
s50_state0,0,0.0,2.6272029876708984,1,50,corrected,fc,3,43
s50_state10,10,10.0,6.948969841003418,37,50,corrected,fc,3,43
s50_state5,5,10.0,6.884880542755127,37,50,corrected,fc,3,43
s58_state0,0,0.0,2.5238726139068604,44,58,corrected,fc,3,43
s58_state10,10,10.0,7.7810444831848145,125,58,corrected,fc,3,43
s58_state5,5,5.0,4.195305347442627,107,58,corrected,fc,3,43
s04_state0,0,0.0,2.828740119934082,48,04,corrected,fc,4,42
s04_state10,10,10.0,7.191202163696289,49,04,corrected,fc,4,42
s04_state5,5,5.0,5.702596187591553,96,04,corrected,fc,4,42
s08_state0,0,0.0,3.156938076019287,11,08,corrected,fc,4,42
s08_state10,10,10.0,7.612177848815918,177,08,corrected,fc,4,42
s08_state5,5,5.0,4.855373859405518,48,08,corrected,fc,4,42
s10_state0,0,5.0,4.859377861022949,1,10,corrected,fc,4,42
s10_state10,10,5.0,6.0474467277526855,48,10,corrected,fc,4,42
s10_state5,5,5.0,3.4655139446258545,28,10,corrected,fc,4,42
s11_state0,0,5.0,5.115039348602295,34,11,corrected,fc,4,42
s11_state10,10,10.0,7.852892875671387,65,11,corrected,fc,4,42
s11_state5,5,10.0,7.457611083984375,51,11,corrected,fc,4,42
s15_state0,0,5.0,3.806028366088867,108,15,corrected,fc,4,42
s15_state10,10,5.0,6.046947956085205,187,15,corrected,fc,4,42
s15_state5,5,5.0,4.239709854125977,179,15,corrected,fc,4,42
s16_state0,0,0.0,1.5048298835754395,1,16,corrected,fc,4,42
s16_state10,10,10.0,7.763111114501953,98,16,corrected,fc,4,42
s16_state5,5,0.0,3.352585554122925,30,16,corrected,fc,4,42
s19_state0,0,5.0,5.2005934715271,76,19,corrected,fc,4,42
s19_state10,10,5.0,4.309581279754639,82,19,corrected,fc,4,42
s19_state5,5,5.0,4.236244201660156,110,19,corrected,fc,4,42
s27_state0,0,5.0,4.6498894691467285,17,27,corrected,fc,4,42
s27_state10,10,10.0,7.9735107421875,53,27,corrected,fc,4,42
s27_state5,5,5.0,5.937304496765137,22,27,corrected,fc,4,42
s43_state0,0,0.0,2.5642993450164795,32,43,corrected,fc,4,42
s43_state10,10,10.0,7.041129112243652,107,43,corrected,fc,4,42
s43_state5,5,10.0,7.54232931137085,88,43,corrected,fc,4,42
s44_state0,0,0.0,2.0839011669158936,60,44,corrected,fc,4,42
s44_state10,10,10.0,7.58925724029541,148,44,corrected,fc,4,42
s44_state5,5,10.0,7.41162109375,236,44,corrected,fc,4,42
s49_state0,0,0.0,1.5854209661483765,28,49,corrected,fc,4,42
s49_state10,10,10.0,7.324527740478516,48,49,corrected,fc,4,42
s49_state5,5,5.0,4.629931449890137,95,49,corrected,fc,4,42
s52_state0,0,5.0,5.51166296005249,21,52,corrected,fc,4,42
s52_state10,10,10.0,7.312210559844971,123,52,corrected,fc,4,42
s52_state5,5,10.0,7.838837146759033,172,52,corrected,fc,4,42
s04_state0,0,0.0,2.6158392429351807,48,04,corrected,fc,4,43
s04_state10,10,10.0,7.868326663970947,49,04,corrected,fc,4,43
s04_state5,5,5.0,5.848817348480225,96,04,corrected,fc,4,43
s08_state0,0,0.0,3.364504337310791,11,08,corrected,fc,4,43
s08_state10,10,10.0,7.5485992431640625,177,08,corrected,fc,4,43
s08_state5,5,5.0,4.522131443023682,48,08,corrected,fc,4,43
s10_state0,0,0.0,3.246993064880371,1,10,corrected,fc,4,43
s10_state10,10,10.0,6.953040599822998,48,10,corrected,fc,4,43
s10_state5,5,5.0,4.20242166519165,28,10,corrected,fc,4,43
s11_state0,0,5.0,4.278499603271484,34,11,corrected,fc,4,43
s11_state10,10,10.0,8.56424331665039,65,11,corrected,fc,4,43
s11_state5,5,10.0,7.927863121032715,51,11,corrected,fc,4,43
s15_state0,0,5.0,3.7191600799560547,108,15,corrected,fc,4,43
s15_state10,10,5.0,6.000663757324219,187,15,corrected,fc,4,43
s15_state5,5,5.0,3.928598403930664,179,15,corrected,fc,4,43
s16_state0,0,0.0,1.287448525428772,1,16,corrected,fc,4,43
s16_state10,10,10.0,8.573457717895508,98,16,corrected,fc,4,43
s16_state5,5,0.0,3.158616065979004,30,16,corrected,fc,4,43
s19_state0,0,5.0,4.994584560394287,76,19,corrected,fc,4,43
s19_state10,10,5.0,5.110903263092041,82,19,corrected,fc,4,43
s19_state5,5,5.0,4.293458461761475,110,19,corrected,fc,4,43
s27_state0,0,5.0,4.2029194831848145,17,27,corrected,fc,4,43
s27_state10,10,10.0,8.070199966430664,53,27,corrected,fc,4,43
s27_state5,5,5.0,5.241596698760986,22,27,corrected,fc,4,43
s43_state0,0,0.0,2.3576488494873047,32,43,corrected,fc,4,43
s43_state10,10,10.0,7.347830772399902,107,43,corrected,fc,4,43
s43_state5,5,10.0,7.788217544555664,88,43,corrected,fc,4,43
s44_state0,0,0.0,2.134474277496338,60,44,corrected,fc,4,43
s44_state10,10,10.0,8.209415435791016,148,44,corrected,fc,4,43
s44_state5,5,10.0,8.211431503295898,236,44,corrected,fc,4,43
s49_state0,0,0.0,1.6700077056884766,28,49,corrected,fc,4,43
s49_state10,10,5.0,6.463376522064209,48,49,corrected,fc,4,43
s49_state5,5,5.0,4.077475547790527,95,49,corrected,fc,4,43
s52_state0,0,5.0,4.709725856781006,21,52,corrected,fc,4,43
s52_state10,10,10.0,7.879937171936035,123,52,corrected,fc,4,43
s52_state5,5,10.0,8.470804214477539,172,52,corrected,fc,4,43
s05_state0,0,0.0,1.8847599029541016,48,05,corrected,lstm,0,42
s05_state10,10,5.0,5.279627799987793,127,05,corrected,lstm,0,42
s05_state5,5,0.0,3.2465438842773438,76,05,corrected,lstm,0,42
s06_state0,0,0.0,1.3834154605865479,67,06,corrected,lstm,0,42
s06_state10,10,0.0,1.3290936946868896,45,06,corrected,lstm,0,42
s06_state5,5,0.0,1.7071398496627808,50,06,corrected,lstm,0,42
s14_state0,0,0.0,2.188990592956543,35,14,corrected,lstm,0,42
s14_state10,10,10.0,8.817290306091309,118,14,corrected,lstm,0,42
s14_state5,5,10.0,9.217435836791992,181,14,corrected,lstm,0,42
s18_state0,0,5.0,5.512211322784424,75,18,corrected,lstm,0,42
s18_state10,10,10.0,8.266838073730469,76,18,corrected,lstm,0,42
s18_state5,5,10.0,6.843014240264893,126,18,corrected,lstm,0,42
s23_state0,0,0.0,3.2595503330230713,4,23,corrected,lstm,0,42
s23_state10,10,10.0,6.603853702545166,35,23,corrected,lstm,0,42
s23_state5,5,5.0,6.134637832641602,98,23,corrected,lstm,0,42
s24_state0,0,0.0,1.8560898303985596,193,24,corrected,lstm,0,42
s24_state10,10,10.0,5.849888324737549,291,24,corrected,lstm,0,42
s24_state5,5,5.0,4.197532653808594,275,24,corrected,lstm,0,42
s25_state0,0,0.0,1.317166805267334,1,25,corrected,lstm,0,42
s25_state10,10,10.0,9.276680946350098,59,25,corrected,lstm,0,42
s25_state5,5,10.0,8.910115242004395,58,25,corrected,lstm,0,42
s41_state0,0,5.0,4.0653462409973145,1,41,corrected,lstm,0,42
s41_state10,10,10.0,7.802010536193848,1,41,corrected,lstm,0,42
s41_state5,5,10.0,9.077101707458496,11,41,corrected,lstm,0,42
s51_state0,0,0.0,2.3745527267456055,18,51,corrected,lstm,0,42
s51_state10,10,5.0,5.363855838775635,103,51,corrected,lstm,0,42
s51_state5,5,5.0,5.238510608673096,112,51,corrected,lstm,0,42
s53_state0,0,0.0,2.0206546783447266,10,53,corrected,lstm,0,42
s53_state10,10,10.0,7.03394079208374,62,53,corrected,lstm,0,42
s53_state5,5,10.0,7.767781734466553,17,53,corrected,lstm,0,42
s55_state0,0,0.0,3.2643277645111084,30,55,corrected,lstm,0,42
s55_state5,5,10.0,8.510516166687012,148,55,corrected,lstm,0,42
s56_state0,0,0.0,1.9412177801132202,1,56,corrected,lstm,0,42
s56_state10,10,10.0,9.394536972045898,91,56,corrected,lstm,0,42
s56_state5,5,10.0,8.8560209274292,111,56,corrected,lstm,0,42
s05_state0,0,0.0,2.2587764263153076,48,05,corrected,lstm,0,43
s05_state10,10,5.0,4.716660499572754,127,05,corrected,lstm,0,43
s05_state5,5,5.0,3.707735538482666,76,05,corrected,lstm,0,43
s06_state0,0,0.0,2.037911891937256,67,06,corrected,lstm,0,43
s06_state10,10,0.0,1.7375597953796387,45,06,corrected,lstm,0,43
s06_state5,5,0.0,2.422528028488159,50,06,corrected,lstm,0,43
s14_state0,0,0.0,2.4171252250671387,35,14,corrected,lstm,0,43
s14_state10,10,10.0,7.023045063018799,118,14,corrected,lstm,0,43
s14_state5,5,10.0,7.522618770599365,181,14,corrected,lstm,0,43
s18_state0,0,5.0,4.928805351257324,75,18,corrected,lstm,0,43
s18_state10,10,10.0,7.765750885009766,76,18,corrected,lstm,0,43
s18_state5,5,5.0,5.65569543838501,126,18,corrected,lstm,0,43
s23_state0,0,0.0,2.8254077434539795,4,23,corrected,lstm,0,43
s23_state10,10,5.0,5.846022129058838,35,23,corrected,lstm,0,43
s23_state5,5,5.0,6.055890083312988,98,23,corrected,lstm,0,43
s24_state0,0,0.0,2.192783832550049,193,24,corrected,lstm,0,43
s24_state10,10,5.0,5.163472652435303,291,24,corrected,lstm,0,43
s24_state5,5,5.0,4.071238040924072,275,24,corrected,lstm,0,43
s25_state0,0,0.0,2.500995397567749,1,25,corrected,lstm,0,43
s25_state10,10,10.0,6.971339702606201,59,25,corrected,lstm,0,43
s25_state5,5,10.0,6.918135166168213,58,25,corrected,lstm,0,43
s41_state0,0,5.0,4.231901168823242,1,41,corrected,lstm,0,43
s41_state10,10,5.0,6.53087854385376,1,41,corrected,lstm,0,43
s41_state5,5,10.0,7.228146553039551,11,41,corrected,lstm,0,43
s51_state0,0,0.0,2.9742069244384766,18,51,corrected,lstm,0,43
s51_state10,10,5.0,4.407660484313965,103,51,corrected,lstm,0,43
s51_state5,5,5.0,4.784847736358643,112,51,corrected,lstm,0,43
s53_state0,0,0.0,2.4843780994415283,10,53,corrected,lstm,0,43
s53_state10,10,5.0,6.323785305023193,62,53,corrected,lstm,0,43
s53_state5,5,5.0,6.470366954803467,17,53,corrected,lstm,0,43
s55_state0,0,0.0,2.2042269706726074,30,55,corrected,lstm,0,43
s55_state5,5,5.0,6.579767227172852,148,55,corrected,lstm,0,43
s56_state0,0,0.0,2.668052911758423,1,56,corrected,lstm,0,43
s56_state10,10,10.0,7.715300559997559,91,56,corrected,lstm,0,43
s56_state5,5,5.0,6.562791347503662,111,56,corrected,lstm,0,43
s01_state0,0,0.0,2.860103130340576,101,01,corrected,lstm,1,42
s01_state10,10,0.0,3.3306422233581543,111,01,corrected,lstm,1,42
s01_state5,5,0.0,2.9659054279327393,100,01,corrected,lstm,1,42
s09_state0,0,0.0,2.9800069332122803,41,09,corrected,lstm,1,42
s09_state10,10,5.0,3.818655490875244,64,09,corrected,lstm,1,42
s09_state5,5,5.0,4.294183731079102,85,09,corrected,lstm,1,42
s12_state0,0,0.0,3.1335794925689697,59,12,corrected,lstm,1,42
s12_state10,10,10.0,7.446112155914307,95,12,corrected,lstm,1,42
s12_state5,5,5.0,5.198003768920898,77,12,corrected,lstm,1,42
s13_state0,0,5.0,4.712255954742432,3,13,corrected,lstm,1,42
s13_state10,10,10.0,7.034312725067139,107,13,corrected,lstm,1,42
s13_state5,5,10.0,7.022296905517578,53,13,corrected,lstm,1,42
s17_state0,0,0.0,3.17948317527771,9,17,corrected,lstm,1,42
s17_state10,10,10.0,7.0845746994018555,69,17,corrected,lstm,1,42
s17_state5,5,5.0,6.242792129516602,52,17,corrected,lstm,1,42
s22_state0,0,5.0,4.706527233123779,10,22,corrected,lstm,1,42
s22_state10,10,10.0,9.0949125289917,59,22,corrected,lstm,1,42
s22_state5,5,10.0,9.07264518737793,45,22,corrected,lstm,1,42
s26_state0,0,0.0,2.855462074279785,1,26,corrected,lstm,1,42
s26_state10,10,10.0,6.879926681518555,102,26,corrected,lstm,1,42
s26_state5,5,5.0,6.676637649536133,132,26,corrected,lstm,1,42
s39_state0,0,0.0,3.267284631729126,7,39,corrected,lstm,1,42
s39_state10,10,10.0,7.90843391418457,166,39,corrected,lstm,1,42
s39_state5,5,10.0,7.813349723815918,205,39,corrected,lstm,1,42
s54_state0,0,5.0,3.56893253326416,15,54,corrected,lstm,1,42
s54_state10,10,5.0,4.462637424468994,20,54,corrected,lstm,1,42
s54_state5,5,5.0,4.622657775878906,24,54,corrected,lstm,1,42
s57_state0,0,5.0,3.542078971862793,47,57,corrected,lstm,1,42
s57_state10,10,5.0,6.0809006690979,58,57,corrected,lstm,1,42
s57_state5,5,0.0,3.566380500793457,48,57,corrected,lstm,1,42
s59_state0,0,5.0,4.313210487365723,135,59,corrected,lstm,1,42
s59_state10,10,5.0,4.68395471572876,193,59,corrected,lstm,1,42
s59_state5,5,5.0,6.724771976470947,228,59,corrected,lstm,1,42
s60_state0,0,0.0,3.0881142616271973,55,60,corrected,lstm,1,42
s60_state10,10,0.0,3.157606601715088,75,60,corrected,lstm,1,42
s60_state5,5,5.0,5.721967697143555,127,60,corrected,lstm,1,42
s01_state0,0,0.0,2.8545262813568115,101,01,corrected,lstm,1,43
s01_state10,10,5.0,3.634810209274292,111,01,corrected,lstm,1,43
s01_state5,5,0.0,2.772871494293213,100,01,corrected,lstm,1,43
s09_state0,0,0.0,3.152777671813965,41,09,corrected,lstm,1,43
s09_state10,10,5.0,4.035995960235596,64,09,corrected,lstm,1,43
s09_state5,5,5.0,4.532948970794678,85,09,corrected,lstm,1,43
s12_state0,0,0.0,2.7817556858062744,59,12,corrected,lstm,1,43
s12_state10,10,10.0,7.7392706871032715,95,12,corrected,lstm,1,43
s12_state5,5,5.0,4.413415908813477,77,12,corrected,lstm,1,43
s13_state0,0,5.0,5.259500026702881,3,13,corrected,lstm,1,43
s13_state10,10,10.0,7.1202826499938965,107,13,corrected,lstm,1,43
s13_state5,5,10.0,7.271691799163818,53,13,corrected,lstm,1,43
s17_state0,0,5.0,3.4530582427978516,9,17,corrected,lstm,1,43
s17_state10,10,10.0,7.128751754760742,69,17,corrected,lstm,1,43
s17_state5,5,5.0,6.155109882354736,52,17,corrected,lstm,1,43
s22_state0,0,5.0,4.988691806793213,10,22,corrected,lstm,1,43
s22_state10,10,10.0,7.444286823272705,59,22,corrected,lstm,1,43
s22_state5,5,10.0,6.947003364562988,45,22,corrected,lstm,1,43
s26_state0,0,0.0,2.8157079219818115,1,26,corrected,lstm,1,43
s26_state10,10,10.0,7.440730094909668,102,26,corrected,lstm,1,43
s26_state5,5,10.0,7.104131698608398,132,26,corrected,lstm,1,43
s39_state0,0,5.0,3.7552928924560547,7,39,corrected,lstm,1,43
s39_state10,10,5.0,6.245815277099609,166,39,corrected,lstm,1,43
s39_state5,5,5.0,5.88496208190918,205,39,corrected,lstm,1,43
s54_state0,0,5.0,3.925100803375244,15,54,corrected,lstm,1,43
s54_state10,10,5.0,4.9169745445251465,20,54,corrected,lstm,1,43
s54_state5,5,5.0,4.415933609008789,24,54,corrected,lstm,1,43
s57_state0,0,5.0,3.9235012531280518,47,57,corrected,lstm,1,43
s57_state10,10,10.0,7.43891716003418,58,57,corrected,lstm,1,43
s57_state5,5,5.0,4.676887035369873,48,57,corrected,lstm,1,43
s59_state0,0,5.0,4.829563140869141,135,59,corrected,lstm,1,43
s59_state10,10,5.0,5.096142768859863,193,59,corrected,lstm,1,43
s59_state5,5,5.0,6.042949676513672,228,59,corrected,lstm,1,43
s60_state0,0,0.0,3.0430121421813965,55,60,corrected,lstm,1,43
s60_state10,10,0.0,3.3602261543273926,75,60,corrected,lstm,1,43
s60_state5,5,5.0,5.690711498260498,127,60,corrected,lstm,1,43
s02_state0,0,5.0,3.8725779056549072,12,02,corrected,lstm,2,42
s02_state10,10,5.0,6.377387523651123,39,02,corrected,lstm,2,42
s02_state5,5,10.0,7.469290733337402,39,02,corrected,lstm,2,42
s07_state0,0,0.0,2.806624412536621,43,07,corrected,lstm,2,42
s07_state10,10,5.0,4.813403129577637,99,07,corrected,lstm,2,42
s07_state5,5,5.0,6.078243255615234,129,07,corrected,lstm,2,42
s20_state0,0,5.0,3.794814109802246,45,20,corrected,lstm,2,42
s20_state10,10,5.0,5.631230354309082,85,20,corrected,lstm,2,42
s20_state5,5,0.0,2.673969030380249,29,20,corrected,lstm,2,42
s21_state0,0,0.0,3.044187307357788,17,21,corrected,lstm,2,42
s21_state10,10,5.0,5.177041530609131,160,21,corrected,lstm,2,42
s21_state5,5,5.0,5.691125392913818,114,21,corrected,lstm,2,42
s28_state0,0,0.0,3.143605947494507,54,28,corrected,lstm,2,42
s28_state10,10,5.0,4.972315788269043,87,28,corrected,lstm,2,42
s28_state5,5,5.0,5.842276573181152,21,28,corrected,lstm,2,42
s31_state0,0,5.0,4.9569478034973145,192,31,corrected,lstm,2,42
s31_state10,10,10.0,7.876348972320557,111,31,corrected,lstm,2,42
s31_state5,5,5.0,5.744493007659912,232,31,corrected,lstm,2,42
s32_state0,0,5.0,3.9710333347320557,33,32,corrected,lstm,2,42
s32_state5,5,0.0,3.39255952835083,52,32,corrected,lstm,2,42
s33_state0,0,0.0,3.1852331161499023,1,33,corrected,lstm,2,42
s33_state10,10,5.0,5.195375919342041,84,33,corrected,lstm,2,42
s33_state5,5,10.0,8.335814476013184,44,33,corrected,lstm,2,42
s35_state0,0,0.0,2.959900379180908,73,35,corrected,lstm,2,42
s35_state10,10,10.0,7.611968994140625,157,35,corrected,lstm,2,42
s35_state5,5,10.0,6.755406856536865,170,35,corrected,lstm,2,42
s36_state0,0,0.0,2.73527455329895,40,36,corrected,lstm,2,42
s36_state10,10,10.0,7.61555814743042,89,36,corrected,lstm,2,42
s36_state5,5,10.0,7.541536808013916,89,36,corrected,lstm,2,42
s37_state0,0,0.0,2.6607651710510254,13,37,corrected,lstm,2,42
s37_state10,10,5.0,6.367679119110107,128,37,corrected,lstm,2,42
s37_state5,5,10.0,7.5274834632873535,53,37,corrected,lstm,2,42
s45_state0,0,0.0,3.1343958377838135,50,45,corrected,lstm,2,42
s45_state10,10,10.0,7.848238945007324,121,45,corrected,lstm,2,42
s45_state5,5,5.0,3.517340660095215,79,45,corrected,lstm,2,42
s02_state0,0,5.0,3.418682336807251,12,02,corrected,lstm,2,43
s02_state10,10,5.0,6.308402061462402,39,02,corrected,lstm,2,43
s02_state5,5,10.0,7.448132038116455,39,02,corrected,lstm,2,43
s07_state0,0,0.0,1.947285532951355,43,07,corrected,lstm,2,43
s07_state10,10,5.0,5.200866222381592,99,07,corrected,lstm,2,43
s07_state5,5,5.0,5.718353748321533,129,07,corrected,lstm,2,43
s20_state0,0,5.0,3.5300943851470947,45,20,corrected,lstm,2,43
s20_state10,10,5.0,6.094916343688965,85,20,corrected,lstm,2,43
s20_state5,5,0.0,1.9360977411270142,29,20,corrected,lstm,2,43
s21_state0,0,0.0,2.7187187671661377,17,21,corrected,lstm,2,43
s21_state10,10,5.0,5.545642852783203,160,21,corrected,lstm,2,43
s21_state5,5,5.0,6.331192970275879,114,21,corrected,lstm,2,43
s28_state0,0,0.0,2.3208072185516357,54,28,corrected,lstm,2,43
s28_state10,10,5.0,5.657055854797363,87,28,corrected,lstm,2,43
s28_state5,5,5.0,5.524515151977539,21,28,corrected,lstm,2,43
s31_state0,0,5.0,5.082359313964844,192,31,corrected,lstm,2,43
s31_state10,10,10.0,7.834419250488281,111,31,corrected,lstm,2,43
s31_state5,5,5.0,6.420619487762451,232,31,corrected,lstm,2,43
s32_state0,0,5.0,3.766740083694458,33,32,corrected,lstm,2,43
s32_state5,5,0.0,3.4707565307617188,52,32,corrected,lstm,2,43
s33_state0,0,0.0,2.5160136222839355,1,33,corrected,lstm,2,43
s33_state10,10,5.0,5.386131286621094,84,33,corrected,lstm,2,43
s33_state5,5,10.0,8.259031295776367,44,33,corrected,lstm,2,43
s35_state0,0,0.0,2.3561155796051025,73,35,corrected,lstm,2,43
s35_state10,10,10.0,8.173582077026367,157,35,corrected,lstm,2,43
s35_state5,5,10.0,6.841975688934326,170,35,corrected,lstm,2,43
s36_state0,0,0.0,2.0000834465026855,40,36,corrected,lstm,2,43
s36_state10,10,10.0,6.941396713256836,89,36,corrected,lstm,2,43
s36_state5,5,10.0,7.249375820159912,89,36,corrected,lstm,2,43
s37_state0,0,0.0,2.026716709136963,13,37,corrected,lstm,2,43
s37_state10,10,10.0,6.8360185623168945,128,37,corrected,lstm,2,43
s37_state5,5,10.0,7.280081748962402,53,37,corrected,lstm,2,43
s45_state0,0,0.0,2.4202845096588135,50,45,corrected,lstm,2,43
s45_state10,10,10.0,8.380348205566406,121,45,corrected,lstm,2,43
s45_state5,5,0.0,2.97708797454834,79,45,corrected,lstm,2,43
s03_state0,0,0.0,2.874094247817993,44,03,corrected,lstm,3,42
s03_state10,10,10.0,7.974568843841553,151,03,corrected,lstm,3,42
s03_state5,5,5.0,5.824580669403076,54,03,corrected,lstm,3,42
s29_state0,0,0.0,3.168443441390991,31,29,corrected,lstm,3,42
s29_state10,10,5.0,4.71129846572876,67,29,corrected,lstm,3,42
s29_state5,5,5.0,4.795100212097168,42,29,corrected,lstm,3,42
s30_state0,0,0.0,3.2682816982269287,56,30,corrected,lstm,3,42
s30_state10,10,5.0,5.5029473304748535,117,30,corrected,lstm,3,42
s30_state5,5,5.0,5.090436935424805,113,30,corrected,lstm,3,42
s34_state0,0,5.0,6.370596885681152,1,34,corrected,lstm,3,42
s34_state10,10,5.0,5.417108058929443,105,34,corrected,lstm,3,42
s34_state5,5,5.0,6.2138237953186035,71,34,corrected,lstm,3,42
s38_state0,0,5.0,3.92903470993042,9,38,corrected,lstm,3,42
s38_state10,10,5.0,6.411905288696289,73,38,corrected,lstm,3,42
s38_state5,5,5.0,6.635158061981201,54,38,corrected,lstm,3,42
s40_state0,0,0.0,2.7891860008239746,32,40,corrected,lstm,3,42
s40_state10,10,10.0,7.479589462280273,101,40,corrected,lstm,3,42
s40_state5,5,5.0,6.209078788757324,69,40,corrected,lstm,3,42
s42_state0,0,0.0,2.7685399055480957,39,42,corrected,lstm,3,42
s42_state10,10,10.0,7.343703269958496,225,42,corrected,lstm,3,42
s42_state5,5,5.0,5.466552734375,148,42,corrected,lstm,3,42
s46_state0,0,0.0,2.5603384971618652,7,46,corrected,lstm,3,42
s46_state10,10,5.0,5.2846832275390625,144,46,corrected,lstm,3,42
s46_state5,5,5.0,6.10941219329834,52,46,corrected,lstm,3,42
s47_state0,0,0.0,2.3730199337005615,5,47,corrected,lstm,3,42
s47_state10,10,10.0,7.59383487701416,77,47,corrected,lstm,3,42
s47_state5,5,5.0,4.825916290283203,27,47,corrected,lstm,3,42
s48_state0,0,0.0,3.4603402614593506,128,48,corrected,lstm,3,42
s48_state10,10,10.0,8.102073669433594,178,48,corrected,lstm,3,42
s48_state5,5,5.0,5.3745951652526855,219,48,corrected,lstm,3,42
s50_state0,0,0.0,2.7633190155029297,1,50,corrected,lstm,3,42
s50_state10,10,10.0,6.991260528564453,37,50,corrected,lstm,3,42
s50_state5,5,10.0,7.3865132331848145,37,50,corrected,lstm,3,42
s58_state0,0,0.0,2.8462209701538086,44,58,corrected,lstm,3,42
s58_state10,10,10.0,7.823678493499756,125,58,corrected,lstm,3,42
s58_state5,5,5.0,4.26926851272583,107,58,corrected,lstm,3,42
s03_state0,0,0.0,2.7814767360687256,44,03,corrected,lstm,3,43
s03_state10,10,10.0,8.280973434448242,151,03,corrected,lstm,3,43
s03_state5,5,5.0,5.908422946929932,54,03,corrected,lstm,3,43
s29_state0,0,0.0,2.9885165691375732,31,29,corrected,lstm,3,43
s29_state10,10,5.0,5.434819221496582,67,29,corrected,lstm,3,43
s29_state5,5,5.0,5.114666938781738,42,29,corrected,lstm,3,43
s30_state0,0,5.0,3.457367420196533,56,30,corrected,lstm,3,43
s30_state10,10,5.0,5.715174198150635,117,30,corrected,lstm,3,43
s30_state5,5,5.0,5.446629524230957,113,30,corrected,lstm,3,43
s34_state0,0,5.0,5.139418601989746,1,34,corrected,lstm,3,43
s34_state10,10,5.0,5.680948257446289,105,34,corrected,lstm,3,43
s34_state5,5,5.0,6.497953414916992,71,34,corrected,lstm,3,43
s38_state0,0,5.0,3.963155508041382,9,38,corrected,lstm,3,43
s38_state10,10,5.0,6.9523162841796875,73,38,corrected,lstm,3,43
s38_state5,5,10.0,7.626748561859131,54,38,corrected,lstm,3,43
s40_state0,0,0.0,2.875652313232422,32,40,corrected,lstm,3,43
s40_state10,10,10.0,8.094937324523926,101,40,corrected,lstm,3,43
s40_state5,5,5.0,6.8322930335998535,69,40,corrected,lstm,3,43
s42_state0,0,0.0,2.5234880447387695,39,42,corrected,lstm,3,43
s42_state10,10,10.0,7.136789321899414,225,42,corrected,lstm,3,43
s42_state5,5,5.0,5.97442626953125,148,42,corrected,lstm,3,43
s46_state0,0,0.0,2.356679916381836,7,46,corrected,lstm,3,43
s46_state10,10,5.0,5.871974945068359,144,46,corrected,lstm,3,43
s46_state5,5,5.0,6.157630920410156,52,46,corrected,lstm,3,43
s47_state0,0,0.0,1.9504661560058594,5,47,corrected,lstm,3,43
s47_state10,10,10.0,7.477887153625488,77,47,corrected,lstm,3,43
s47_state5,5,5.0,5.562442779541016,27,47,corrected,lstm,3,43
s48_state0,0,5.0,3.647266387939453,128,48,corrected,lstm,3,43
s48_state10,10,10.0,7.816980361938477,178,48,corrected,lstm,3,43
s48_state5,5,5.0,6.0583271980285645,219,48,corrected,lstm,3,43
s50_state0,0,0.0,2.915048122406006,1,50,corrected,lstm,3,43
s50_state10,10,10.0,7.630715847015381,37,50,corrected,lstm,3,43
s50_state5,5,10.0,7.06894588470459,37,50,corrected,lstm,3,43
s58_state0,0,0.0,2.861823558807373,44,58,corrected,lstm,3,43
s58_state10,10,10.0,7.777583599090576,125,58,corrected,lstm,3,43
s58_state5,5,5.0,4.728208065032959,107,58,corrected,lstm,3,43
s04_state0,0,0.0,2.8481109142303467,48,04,corrected,lstm,4,42
s04_state10,10,10.0,7.734234809875488,49,04,corrected,lstm,4,42
s04_state5,5,5.0,5.080497741699219,96,04,corrected,lstm,4,42
s08_state0,0,5.0,3.555039405822754,11,08,corrected,lstm,4,42
s08_state10,10,10.0,8.043472290039062,177,08,corrected,lstm,4,42
s08_state5,5,5.0,4.671721935272217,48,08,corrected,lstm,4,42
s10_state0,0,0.0,3.3160223960876465,1,10,corrected,lstm,4,42
s10_state10,10,10.0,7.021451473236084,48,10,corrected,lstm,4,42
s10_state5,5,5.0,3.804955244064331,28,10,corrected,lstm,4,42
s11_state0,0,5.0,3.6618359088897705,34,11,corrected,lstm,4,42
s11_state10,10,10.0,7.310800552368164,65,11,corrected,lstm,4,42
s11_state5,5,5.0,6.36970329284668,51,11,corrected,lstm,4,42
s15_state0,0,5.0,3.526092767715454,108,15,corrected,lstm,4,42
s15_state10,10,5.0,5.271417140960693,187,15,corrected,lstm,4,42
s15_state5,5,5.0,3.844163656234741,179,15,corrected,lstm,4,42
s16_state0,0,0.0,2.7697134017944336,1,16,corrected,lstm,4,42
s16_state10,10,10.0,8.076117515563965,98,16,corrected,lstm,4,42
s16_state5,5,5.0,5.381341934204102,30,16,corrected,lstm,4,42
s19_state0,0,5.0,5.252389430999756,76,19,corrected,lstm,4,42
s19_state10,10,5.0,6.0702033042907715,82,19,corrected,lstm,4,42
s19_state5,5,5.0,4.8807549476623535,110,19,corrected,lstm,4,42
s27_state0,0,0.0,3.192460060119629,17,27,corrected,lstm,4,42
s27_state10,10,10.0,7.695486545562744,53,27,corrected,lstm,4,42
s27_state5,5,5.0,4.230473041534424,22,27,corrected,lstm,4,42
s43_state0,0,0.0,2.8909943103790283,32,43,corrected,lstm,4,42
s43_state10,10,10.0,7.637038707733154,107,43,corrected,lstm,4,42
s43_state5,5,10.0,7.4968414306640625,88,43,corrected,lstm,4,42
s44_state0,0,0.0,2.843691349029541,60,44,corrected,lstm,4,42
s44_state10,10,10.0,8.090612411499023,148,44,corrected,lstm,4,42
s44_state5,5,10.0,7.81099271774292,236,44,corrected,lstm,4,42
s49_state0,0,0.0,2.336857318878174,28,49,corrected,lstm,4,42
s49_state10,10,10.0,7.125268936157227,48,49,corrected,lstm,4,42
s49_state5,5,5.0,4.6617913246154785,95,49,corrected,lstm,4,42
s52_state0,0,5.0,4.072480201721191,21,52,corrected,lstm,4,42
s52_state10,10,10.0,7.560126304626465,123,52,corrected,lstm,4,42
s52_state5,5,10.0,8.472128868103027,172,52,corrected,lstm,4,42
s04_state0,0,0.0,1.9565162658691406,48,04,corrected,lstm,4,43
s04_state10,10,5.0,6.585568904876709,49,04,corrected,lstm,4,43
s04_state5,5,5.0,5.574477672576904,96,04,corrected,lstm,4,43
s08_state0,0,5.0,5.6157612800598145,11,08,corrected,lstm,4,43
s08_state10,10,10.0,8.421379089355469,177,08,corrected,lstm,4,43
s08_state5,5,10.0,5.3891119956970215,48,08,corrected,lstm,4,43
s10_state0,0,0.0,1.8099671602249146,1,10,corrected,lstm,4,43
s10_state10,10,5.0,5.226132392883301,48,10,corrected,lstm,4,43
s10_state5,5,0.0,2.009279489517212,28,10,corrected,lstm,4,43
s11_state0,0,5.0,4.217958450317383,34,11,corrected,lstm,4,43
s11_state10,10,10.0,8.665182113647461,65,11,corrected,lstm,4,43
s11_state5,5,10.0,7.910881519317627,51,11,corrected,lstm,4,43
s15_state0,0,5.0,4.3361945152282715,108,15,corrected,lstm,4,43
s15_state10,10,5.0,6.7426557540893555,187,15,corrected,lstm,4,43
s15_state5,5,5.0,4.3007402420043945,179,15,corrected,lstm,4,43
s16_state0,0,0.0,2.00038480758667,1,16,corrected,lstm,4,43
s16_state10,10,10.0,8.453557014465332,98,16,corrected,lstm,4,43
s16_state5,5,5.0,4.171647548675537,30,16,corrected,lstm,4,43
s19_state0,0,0.0,3.266758918762207,76,19,corrected,lstm,4,43
s19_state10,10,0.0,0.5835592746734619,82,19,corrected,lstm,4,43
s19_state5,5,0.0,2.2790935039520264,110,19,corrected,lstm,4,43
s27_state0,0,0.0,3.593646287918091,17,27,corrected,lstm,4,43
s27_state10,10,10.0,8.165575981140137,53,27,corrected,lstm,4,43
s27_state5,5,5.0,5.5699639320373535,22,27,corrected,lstm,4,43
s43_state0,0,0.0,2.4049808979034424,32,43,corrected,lstm,4,43
s43_state10,10,10.0,7.759368419647217,107,43,corrected,lstm,4,43
s43_state5,5,10.0,7.8897199630737305,88,43,corrected,lstm,4,43
s44_state0,0,0.0,2.346801280975342,60,44,corrected,lstm,4,43
s44_state10,10,10.0,8.197283744812012,148,44,corrected,lstm,4,43
s44_state5,5,10.0,7.11587381362915,236,44,corrected,lstm,4,43
s49_state0,0,0.0,1.3833249807357788,28,49,corrected,lstm,4,43
s49_state10,10,10.0,8.44466781616211,48,49,corrected,lstm,4,43
s49_state5,5,5.0,4.61140775680542,95,49,corrected,lstm,4,43
s52_state0,0,5.0,5.426987648010254,21,52,corrected,lstm,4,43
s52_state10,10,10.0,6.989663600921631,123,52,corrected,lstm,4,43
s52_state5,5,10.0,7.707162380218506,172,52,corrected,lstm,4,43
s05_state0,0,0.0,2.0434768199920654,48,05,corrected,attn,0,42
s05_state10,10,5.0,5.332895755767822,127,05,corrected,attn,0,42
s05_state5,5,0.0,3.189382553100586,76,05,corrected,attn,0,42
s06_state0,0,0.0,1.5010266304016113,67,06,corrected,attn,0,42
s06_state10,10,0.0,1.732886791229248,45,06,corrected,attn,0,42
s06_state5,5,0.0,1.835988163948059,50,06,corrected,attn,0,42
s14_state0,0,0.0,2.5410335063934326,35,14,corrected,attn,0,42
s14_state10,10,10.0,8.654080390930176,118,14,corrected,attn,0,42
s14_state5,5,10.0,9.29018783569336,181,14,corrected,attn,0,42
s18_state0,0,5.0,6.148750305175781,75,18,corrected,attn,0,42
s18_state10,10,10.0,7.5642781257629395,76,18,corrected,attn,0,42
s18_state5,5,5.0,6.555974006652832,126,18,corrected,attn,0,42
s23_state0,0,5.0,3.568645477294922,4,23,corrected,attn,0,42
s23_state10,10,5.0,5.347533226013184,35,23,corrected,attn,0,42
s23_state5,5,5.0,6.156121730804443,98,23,corrected,attn,0,42
s24_state0,0,0.0,1.9963195323944092,193,24,corrected,attn,0,42
s24_state10,10,10.0,6.258441925048828,291,24,corrected,attn,0,42
s24_state5,5,5.0,5.322774410247803,275,24,corrected,attn,0,42
s25_state0,0,0.0,1.7729533910751343,1,25,corrected,attn,0,42
s25_state10,10,10.0,9.28853988647461,59,25,corrected,attn,0,42
s25_state5,5,10.0,8.5704927444458,58,25,corrected,attn,0,42
s41_state0,0,0.0,3.1461844444274902,1,41,corrected,attn,0,42
s41_state10,10,5.0,6.40831995010376,1,41,corrected,attn,0,42
s41_state5,5,10.0,9.156779289245605,11,41,corrected,attn,0,42
s51_state0,0,0.0,2.7892611026763916,18,51,corrected,attn,0,42
s51_state10,10,5.0,5.049559593200684,103,51,corrected,attn,0,42
s51_state5,5,5.0,5.005271911621094,112,51,corrected,attn,0,42
s53_state0,0,0.0,2.185880661010742,10,53,corrected,attn,0,42
s53_state10,10,5.0,6.650343894958496,62,53,corrected,attn,0,42
s53_state5,5,10.0,6.8328447341918945,17,53,corrected,attn,0,42
s55_state0,0,0.0,2.149824619293213,30,55,corrected,attn,0,42
s55_state5,5,10.0,8.331265449523926,148,55,corrected,attn,0,42
s56_state0,0,0.0,1.9973093271255493,1,56,corrected,attn,0,42
s56_state10,10,10.0,9.120121002197266,91,56,corrected,attn,0,42
s56_state5,5,10.0,7.649618625640869,111,56,corrected,attn,0,42
s05_state0,0,0.0,2.0534400939941406,48,05,corrected,attn,0,43
s05_state10,10,5.0,5.358261585235596,127,05,corrected,attn,0,43
s05_state5,5,5.0,4.669620037078857,76,05,corrected,attn,0,43
s06_state0,0,0.0,1.2731618881225586,67,06,corrected,attn,0,43
s06_state10,10,0.0,1.4675341844558716,45,06,corrected,attn,0,43
s06_state5,5,0.0,1.3959661722183228,50,06,corrected,attn,0,43
s14_state0,0,0.0,2.30560302734375,35,14,corrected,attn,0,43
s14_state10,10,10.0,8.960193634033203,118,14,corrected,attn,0,43
s14_state5,5,10.0,9.671075820922852,181,14,corrected,attn,0,43
s18_state0,0,5.0,6.3295207023620605,75,18,corrected,attn,0,43
s18_state10,10,10.0,8.932390213012695,76,18,corrected,attn,0,43
s18_state5,5,10.0,7.603736400604248,126,18,corrected,attn,0,43
s23_state0,0,5.0,5.298130989074707,4,23,corrected,attn,0,43
s23_state10,10,10.0,6.383859157562256,35,23,corrected,attn,0,43
s23_state5,5,5.0,5.912848472595215,98,23,corrected,attn,0,43
s24_state0,0,0.0,2.4238691329956055,193,24,corrected,attn,0,43
s24_state10,10,10.0,6.338278293609619,291,24,corrected,attn,0,43
s24_state5,5,5.0,5.0902557373046875,275,24,corrected,attn,0,43
s25_state0,0,0.0,1.308945894241333,1,25,corrected,attn,0,43
s25_state10,10,10.0,9.516922950744629,59,25,corrected,attn,0,43
s25_state5,5,10.0,8.842702865600586,58,25,corrected,attn,0,43
s41_state0,0,5.0,5.256623268127441,1,41,corrected,attn,0,43
s41_state10,10,10.0,8.952676773071289,1,41,corrected,attn,0,43
s41_state5,5,10.0,9.049424171447754,11,41,corrected,attn,0,43
s51_state0,0,0.0,3.014092445373535,18,51,corrected,attn,0,43
s51_state10,10,5.0,5.898800373077393,103,51,corrected,attn,0,43
s51_state5,5,5.0,6.231781005859375,112,51,corrected,attn,0,43
s53_state0,0,0.0,2.618213176727295,10,53,corrected,attn,0,43
s53_state10,10,10.0,6.762414455413818,62,53,corrected,attn,0,43
s53_state5,5,10.0,7.608930587768555,17,53,corrected,attn,0,43
s55_state0,0,0.0,2.327383518218994,30,55,corrected,attn,0,43
s55_state5,5,10.0,7.744288921356201,148,55,corrected,attn,0,43
s56_state0,0,0.0,1.8565727472305298,1,56,corrected,attn,0,43
s56_state10,10,10.0,9.655986785888672,91,56,corrected,attn,0,43
s56_state5,5,10.0,8.635658264160156,111,56,corrected,attn,0,43
s01_state0,0,0.0,2.007871150970459,101,01,corrected,attn,1,42
s01_state10,10,0.0,1.910231590270996,111,01,corrected,attn,1,42
s01_state5,5,0.0,1.9204045534133911,100,01,corrected,attn,1,42
s09_state0,0,0.0,1.7872456312179565,41,09,corrected,attn,1,42
s09_state10,10,0.0,2.414353370666504,64,09,corrected,attn,1,42
s09_state5,5,5.0,4.103487968444824,85,09,corrected,attn,1,42
s12_state0,0,0.0,1.7766757011413574,59,12,corrected,attn,1,42
s12_state10,10,10.0,7.50633430480957,95,12,corrected,attn,1,42
s12_state5,5,5.0,3.2094361782073975,77,12,corrected,attn,1,42
s13_state0,0,5.0,5.024173259735107,3,13,corrected,attn,1,42
s13_state10,10,5.0,5.285604000091553,107,13,corrected,attn,1,42
s13_state5,5,10.0,8.341559410095215,53,13,corrected,attn,1,42
s17_state0,0,0.0,3.384596824645996,9,17,corrected,attn,1,42
s17_state10,10,10.0,8.672991752624512,69,17,corrected,attn,1,42
s17_state5,5,10.0,7.3657708168029785,52,17,corrected,attn,1,42
s22_state0,0,5.0,5.079229354858398,10,22,corrected,attn,1,42
s22_state10,10,10.0,9.623361587524414,59,22,corrected,attn,1,42
s22_state5,5,10.0,9.488504409790039,45,22,corrected,attn,1,42
s26_state0,0,0.0,2.0219192504882812,1,26,corrected,attn,1,42
s26_state10,10,10.0,8.956339836120605,102,26,corrected,attn,1,42
s26_state5,5,10.0,8.492208480834961,132,26,corrected,attn,1,42
s39_state0,0,5.0,4.007408618927002,7,39,corrected,attn,1,42
s39_state10,10,10.0,8.099682807922363,166,39,corrected,attn,1,42
s39_state5,5,10.0,7.375483512878418,205,39,corrected,attn,1,42
s54_state0,0,0.0,2.4041061401367188,15,54,corrected,attn,1,42
s54_state10,10,0.0,2.497436046600342,20,54,corrected,attn,1,42
s54_state5,5,0.0,2.9504497051239014,24,54,corrected,attn,1,42
s57_state0,0,0.0,3.332129716873169,47,57,corrected,attn,1,42
s57_state10,10,5.0,3.5600998401641846,58,57,corrected,attn,1,42
s57_state5,5,0.0,2.0602827072143555,48,57,corrected,attn,1,42
s59_state0,0,5.0,3.6939454078674316,135,59,corrected,attn,1,42
s59_state10,10,0.0,3.8683934211730957,193,59,corrected,attn,1,42
s59_state5,5,10.0,6.797633171081543,228,59,corrected,attn,1,42
s60_state0,0,0.0,1.795684576034546,55,60,corrected,attn,1,42
s60_state10,10,0.0,2.631011486053467,75,60,corrected,attn,1,42
s60_state5,5,5.0,5.843044757843018,127,60,corrected,attn,1,42
s01_state0,0,0.0,2.9936940670013428,101,01,corrected,attn,1,43
s01_state10,10,0.0,2.8926093578338623,111,01,corrected,attn,1,43
s01_state5,5,0.0,2.3931219577789307,100,01,corrected,attn,1,43
s09_state0,0,0.0,2.589747428894043,41,09,corrected,attn,1,43
s09_state10,10,0.0,2.6389341354370117,64,09,corrected,attn,1,43
s09_state5,5,5.0,4.651476860046387,85,09,corrected,attn,1,43
s12_state0,0,0.0,2.2646780014038086,59,12,corrected,attn,1,43
s12_state10,10,10.0,6.986837387084961,95,12,corrected,attn,1,43
s12_state5,5,0.0,2.1377105712890625,77,12,corrected,attn,1,43
s13_state0,0,10.0,8.069375038146973,3,13,corrected,attn,1,43
s13_state10,10,10.0,7.929757595062256,107,13,corrected,attn,1,43
s13_state5,5,5.0,6.093376159667969,53,13,corrected,attn,1,43
s17_state0,0,5.0,5.335955619812012,9,17,corrected,attn,1,43
s17_state10,10,5.0,6.157365322113037,69,17,corrected,attn,1,43
s17_state5,5,5.0,5.320244789123535,52,17,corrected,attn,1,43
s22_state0,0,5.0,4.678216457366943,10,22,corrected,attn,1,43
s22_state10,10,10.0,8.732429504394531,59,22,corrected,attn,1,43
s22_state5,5,10.0,8.243592262268066,45,22,corrected,attn,1,43
s26_state0,0,0.0,2.734116315841675,1,26,corrected,attn,1,43
s26_state10,10,10.0,7.347728252410889,102,26,corrected,attn,1,43
s26_state5,5,5.0,6.542470932006836,132,26,corrected,attn,1,43
s39_state0,0,5.0,5.116664409637451,7,39,corrected,attn,1,43
s39_state10,10,10.0,7.185451507568359,166,39,corrected,attn,1,43
s39_state5,5,10.0,7.706174850463867,205,39,corrected,attn,1,43
s54_state0,0,5.0,5.379839897155762,15,54,corrected,attn,1,43
s54_state10,10,0.0,3.39863920211792,20,54,corrected,attn,1,43
s54_state5,5,0.0,2.9644603729248047,24,54,corrected,attn,1,43
s57_state0,0,0.0,4.301734447479248,47,57,corrected,attn,1,43
s57_state10,10,10.0,7.6497697830200195,58,57,corrected,attn,1,43
s57_state5,5,0.0,3.7985994815826416,48,57,corrected,attn,1,43
s59_state0,0,5.0,4.147104263305664,135,59,corrected,attn,1,43
s59_state10,10,5.0,4.012981414794922,193,59,corrected,attn,1,43
s59_state5,5,5.0,5.875265598297119,228,59,corrected,attn,1,43
s60_state0,0,0.0,2.453815460205078,55,60,corrected,attn,1,43
s60_state10,10,0.0,3.4034621715545654,75,60,corrected,attn,1,43
s60_state5,5,5.0,6.175243377685547,127,60,corrected,attn,1,43
s02_state0,0,5.0,6.442036151885986,12,02,corrected,attn,2,42
s02_state10,10,10.0,7.794249534606934,39,02,corrected,attn,2,42
s02_state5,5,10.0,9.16104507446289,39,02,corrected,attn,2,42
s07_state0,0,0.0,2.0357964038848877,43,07,corrected,attn,2,42
s07_state10,10,5.0,4.831680774688721,99,07,corrected,attn,2,42
s07_state5,5,10.0,7.095975875854492,129,07,corrected,attn,2,42
s20_state0,0,5.0,4.710445880889893,45,20,corrected,attn,2,42
s20_state10,10,5.0,6.102565765380859,85,20,corrected,attn,2,42
s20_state5,5,0.0,2.0619356632232666,29,20,corrected,attn,2,42
s21_state0,0,0.0,2.814218044281006,17,21,corrected,attn,2,42
s21_state10,10,5.0,5.454916000366211,160,21,corrected,attn,2,42
s21_state5,5,5.0,5.418456554412842,114,21,corrected,attn,2,42
s28_state0,0,0.0,2.231802463531494,54,28,corrected,attn,2,42
s28_state10,10,10.0,6.725623607635498,87,28,corrected,attn,2,42
s28_state5,5,5.0,6.170830726623535,21,28,corrected,attn,2,42
s31_state0,0,5.0,5.551538467407227,192,31,corrected,attn,2,42
s31_state10,10,10.0,7.769530296325684,111,31,corrected,attn,2,42
s31_state5,5,5.0,6.200570106506348,232,31,corrected,attn,2,42
s32_state0,0,5.0,4.691652297973633,33,32,corrected,attn,2,42
s32_state5,5,0.0,3.1862244606018066,52,32,corrected,attn,2,42
s33_state0,0,0.0,2.3663852214813232,1,33,corrected,attn,2,42
s33_state10,10,5.0,5.449196815490723,84,33,corrected,attn,2,42
s33_state5,5,10.0,7.88325834274292,44,33,corrected,attn,2,42
s35_state0,0,0.0,2.2318367958068848,73,35,corrected,attn,2,42
s35_state10,10,10.0,7.827154636383057,157,35,corrected,attn,2,42
s35_state5,5,10.0,7.490935325622559,170,35,corrected,attn,2,42
s36_state0,0,0.0,2.092193126678467,40,36,corrected,attn,2,42
s36_state10,10,10.0,8.265984535217285,89,36,corrected,attn,2,42
s36_state5,5,10.0,8.949869155883789,89,36,corrected,attn,2,42
s37_state0,0,0.0,2.1564574241638184,13,37,corrected,attn,2,42
s37_state10,10,5.0,6.63640022277832,128,37,corrected,attn,2,42
s37_state5,5,10.0,7.575040340423584,53,37,corrected,attn,2,42
s45_state0,0,0.0,2.5406503677368164,50,45,corrected,attn,2,42
s45_state10,10,10.0,7.736199378967285,121,45,corrected,attn,2,42
s45_state5,5,5.0,3.4239706993103027,79,45,corrected,attn,2,42
s02_state0,0,5.0,5.361795425415039,12,02,corrected,attn,2,43
s02_state10,10,5.0,6.3588786125183105,39,02,corrected,attn,2,43
s02_state5,5,10.0,7.409232139587402,39,02,corrected,attn,2,43
s07_state0,0,0.0,2.504788875579834,43,07,corrected,attn,2,43
s07_state10,10,5.0,5.135520935058594,99,07,corrected,attn,2,43
s07_state5,5,5.0,3.954349994659424,129,07,corrected,attn,2,43
s20_state0,0,5.0,4.5085859298706055,45,20,corrected,attn,2,43
s20_state10,10,5.0,6.036850929260254,85,20,corrected,attn,2,43
s20_state5,5,0.0,2.2827539443969727,29,20,corrected,attn,2,43
s21_state0,0,0.0,3.2268152236938477,17,21,corrected,attn,2,43
s21_state10,10,5.0,6.040518760681152,160,21,corrected,attn,2,43
s21_state5,5,5.0,6.760647773742676,114,21,corrected,attn,2,43
s28_state0,0,0.0,3.1189160346984863,54,28,corrected,attn,2,43
s28_state10,10,5.0,5.841159820556641,87,28,corrected,attn,2,43
s28_state5,5,5.0,5.741230010986328,21,28,corrected,attn,2,43
s31_state0,0,5.0,5.615936279296875,192,31,corrected,attn,2,43
s31_state10,10,10.0,7.704458236694336,111,31,corrected,attn,2,43
s31_state5,5,5.0,6.089715480804443,232,31,corrected,attn,2,43
s32_state0,0,5.0,4.672545433044434,33,32,corrected,attn,2,43
s32_state5,5,5.0,3.7027385234832764,52,32,corrected,attn,2,43
s33_state0,0,0.0,3.2095298767089844,1,33,corrected,attn,2,43
s33_state10,10,5.0,5.532033920288086,84,33,corrected,attn,2,43
s33_state5,5,10.0,7.331200122833252,44,33,corrected,attn,2,43
s35_state0,0,0.0,2.8914597034454346,73,35,corrected,attn,2,43
s35_state10,10,10.0,7.2982378005981445,157,35,corrected,attn,2,43
s35_state5,5,5.0,5.9819793701171875,170,35,corrected,attn,2,43
s36_state0,0,0.0,2.750720500946045,40,36,corrected,attn,2,43
s36_state10,10,10.0,7.7334418296813965,89,36,corrected,attn,2,43
s36_state5,5,10.0,7.150847911834717,89,36,corrected,attn,2,43
s37_state0,0,5.0,3.2398314476013184,13,37,corrected,attn,2,43
s37_state10,10,10.0,7.199884414672852,128,37,corrected,attn,2,43
s37_state5,5,10.0,6.906712532043457,53,37,corrected,attn,2,43
s45_state0,0,5.0,3.5706818103790283,50,45,corrected,attn,2,43
s45_state10,10,10.0,7.335091590881348,121,45,corrected,attn,2,43
s45_state5,5,5.0,3.8328003883361816,79,45,corrected,attn,2,43
s03_state0,0,0.0,3.1033151149749756,44,03,corrected,attn,3,42
s03_state10,10,10.0,7.647902965545654,151,03,corrected,attn,3,42
s03_state5,5,10.0,7.286163806915283,54,03,corrected,attn,3,42
s29_state0,0,0.0,3.056079626083374,31,29,corrected,attn,3,42
s29_state10,10,10.0,6.361006259918213,67,29,corrected,attn,3,42
s29_state5,5,5.0,5.433562278747559,42,29,corrected,attn,3,42
s30_state0,0,5.0,3.6002895832061768,56,30,corrected,attn,3,42
s30_state10,10,10.0,7.201022148132324,117,30,corrected,attn,3,42
s30_state5,5,10.0,6.907868385314941,113,30,corrected,attn,3,42
s34_state0,0,10.0,7.053873062133789,1,34,corrected,attn,3,42
s34_state10,10,5.0,6.125197410583496,105,34,corrected,attn,3,42
s34_state5,5,5.0,6.310604572296143,71,34,corrected,attn,3,42
s38_state0,0,5.0,4.223806858062744,9,38,corrected,attn,3,42
s38_state10,10,10.0,7.7811503410339355,73,38,corrected,attn,3,42
s38_state5,5,10.0,7.717990875244141,54,38,corrected,attn,3,42
s40_state0,0,0.0,2.64198637008667,32,40,corrected,attn,3,42
s40_state10,10,10.0,6.685739517211914,101,40,corrected,attn,3,42
s40_state5,5,5.0,6.552778244018555,69,40,corrected,attn,3,42
s42_state0,0,0.0,2.9347352981567383,39,42,corrected,attn,3,42
s42_state10,10,10.0,8.032975196838379,225,42,corrected,attn,3,42
s42_state5,5,5.0,5.83842658996582,148,42,corrected,attn,3,42
s46_state0,0,0.0,3.3823113441467285,7,46,corrected,attn,3,42
s46_state10,10,5.0,5.71464204788208,144,46,corrected,attn,3,42
s46_state5,5,5.0,5.975667953491211,52,46,corrected,attn,3,42
s47_state0,0,5.0,3.3745505809783936,5,47,corrected,attn,3,42
s47_state10,10,10.0,8.231729507446289,77,47,corrected,attn,3,42
s47_state5,5,5.0,5.443917751312256,27,47,corrected,attn,3,42
s48_state0,0,5.0,3.603260040283203,128,48,corrected,attn,3,42
s48_state10,10,10.0,7.402449131011963,178,48,corrected,attn,3,42
s48_state5,5,5.0,6.315390586853027,219,48,corrected,attn,3,42
s50_state0,0,0.0,2.376425266265869,1,50,corrected,attn,3,42
s50_state10,10,10.0,8.251853942871094,37,50,corrected,attn,3,42
s50_state5,5,10.0,8.429996490478516,37,50,corrected,attn,3,42
s58_state0,0,0.0,2.7845542430877686,44,58,corrected,attn,3,42
s58_state10,10,10.0,8.31680965423584,125,58,corrected,attn,3,42
s58_state5,5,0.0,3.9825894832611084,107,58,corrected,attn,3,42
s03_state0,0,5.0,3.622236728668213,44,03,corrected,attn,3,43
s03_state10,10,10.0,7.232675552368164,151,03,corrected,attn,3,43
s03_state5,5,10.0,6.90708065032959,54,03,corrected,attn,3,43
s29_state0,0,0.0,3.2343130111694336,31,29,corrected,attn,3,43
s29_state10,10,5.0,5.606180191040039,67,29,corrected,attn,3,43
s29_state5,5,5.0,5.394222259521484,42,29,corrected,attn,3,43
s30_state0,0,5.0,3.848264455795288,56,30,corrected,attn,3,43
s30_state10,10,10.0,6.701122760772705,117,30,corrected,attn,3,43
s30_state5,5,10.0,6.4843668937683105,113,30,corrected,attn,3,43
s34_state0,0,10.0,6.95486307144165,1,34,corrected,attn,3,43
s34_state10,10,5.0,6.229340553283691,105,34,corrected,attn,3,43
s34_state5,5,5.0,6.02467679977417,71,34,corrected,attn,3,43
s38_state0,0,5.0,4.642732620239258,9,38,corrected,attn,3,43
s38_state10,10,10.0,7.37086296081543,73,38,corrected,attn,3,43
s38_state5,5,10.0,7.31529426574707,54,38,corrected,attn,3,43
s40_state0,0,0.0,2.9856793880462646,32,40,corrected,attn,3,43
s40_state10,10,10.0,7.099525451660156,101,40,corrected,attn,3,43
s40_state5,5,10.0,6.946794033050537,69,40,corrected,attn,3,43
s42_state0,0,0.0,3.6772594451904297,39,42,corrected,attn,3,43
s42_state10,10,10.0,6.938423156738281,225,42,corrected,attn,3,43
s42_state5,5,5.0,6.652484893798828,148,42,corrected,attn,3,43
s46_state0,0,5.0,4.003670692443848,7,46,corrected,attn,3,43
s46_state10,10,5.0,5.964858055114746,144,46,corrected,attn,3,43
s46_state5,5,5.0,6.403461933135986,52,46,corrected,attn,3,43
s47_state0,0,5.0,4.45412540435791,5,47,corrected,attn,3,43
s47_state10,10,10.0,7.315597057342529,77,47,corrected,attn,3,43
s47_state5,5,5.0,6.0242486000061035,27,47,corrected,attn,3,43
s48_state0,0,5.0,4.573599815368652,128,48,corrected,attn,3,43
s48_state10,10,10.0,7.268304824829102,178,48,corrected,attn,3,43
s48_state5,5,5.0,6.590045928955078,219,48,corrected,attn,3,43
s50_state0,0,0.0,3.1626298427581787,1,50,corrected,attn,3,43
s50_state10,10,10.0,7.356268882751465,37,50,corrected,attn,3,43
s50_state5,5,10.0,6.692362308502197,37,50,corrected,attn,3,43
s58_state0,0,0.0,3.183720350265503,44,58,corrected,attn,3,43
s58_state10,10,10.0,7.188769340515137,125,58,corrected,attn,3,43
s58_state5,5,5.0,4.559154033660889,107,58,corrected,attn,3,43
s04_state0,0,0.0,3.1788692474365234,48,04,corrected,attn,4,42
s04_state10,10,10.0,6.774426460266113,49,04,corrected,attn,4,42
s04_state5,5,5.0,5.346407413482666,96,04,corrected,attn,4,42
s08_state0,0,5.0,4.01411771774292,11,08,corrected,attn,4,42
s08_state10,10,10.0,7.656506538391113,177,08,corrected,attn,4,42
s08_state5,5,5.0,4.616658687591553,48,08,corrected,attn,4,42
s10_state0,0,5.0,3.744049549102783,1,10,corrected,attn,4,42
s10_state10,10,10.0,7.6527276039123535,48,10,corrected,attn,4,42
s10_state5,5,5.0,4.340777397155762,28,10,corrected,attn,4,42
s11_state0,0,5.0,3.940765857696533,34,11,corrected,attn,4,42
s11_state10,10,10.0,7.186624050140381,65,11,corrected,attn,4,42
s11_state5,5,10.0,6.75100564956665,51,11,corrected,attn,4,42
s15_state0,0,5.0,3.5062577724456787,108,15,corrected,attn,4,42
s15_state10,10,5.0,4.887442588806152,187,15,corrected,attn,4,42
s15_state5,5,0.0,3.313138961791992,179,15,corrected,attn,4,42
s16_state0,0,0.0,2.4420318603515625,1,16,corrected,attn,4,42
s16_state10,10,10.0,8.597511291503906,98,16,corrected,attn,4,42
s16_state5,5,5.0,4.2664408683776855,30,16,corrected,attn,4,42
s19_state0,0,5.0,5.467989444732666,76,19,corrected,attn,4,42
s19_state10,10,5.0,5.950657367706299,82,19,corrected,attn,4,42
s19_state5,5,5.0,5.253907680511475,110,19,corrected,attn,4,42
s27_state0,0,5.0,4.266312599182129,17,27,corrected,attn,4,42
s27_state10,10,10.0,7.764098644256592,53,27,corrected,attn,4,42
s27_state5,5,5.0,5.12398099899292,22,27,corrected,attn,4,42
s43_state0,0,0.0,3.1516945362091064,32,43,corrected,attn,4,42
s43_state10,10,10.0,8.01816463470459,107,43,corrected,attn,4,42
s43_state5,5,10.0,8.06546688079834,88,43,corrected,attn,4,42
s44_state0,0,0.0,2.977407932281494,60,44,corrected,attn,4,42
s44_state10,10,10.0,8.29937744140625,148,44,corrected,attn,4,42
s44_state5,5,10.0,8.152778625488281,236,44,corrected,attn,4,42
s49_state0,0,0.0,2.2445578575134277,28,49,corrected,attn,4,42
s49_state10,10,10.0,6.791611194610596,48,49,corrected,attn,4,42
s49_state5,5,5.0,4.614924907684326,95,49,corrected,attn,4,42
s52_state0,0,5.0,3.8048062324523926,21,52,corrected,attn,4,42
s52_state10,10,10.0,8.298340797424316,123,52,corrected,attn,4,42
s52_state5,5,10.0,8.469202995300293,172,52,corrected,attn,4,42
s04_state0,0,0.0,2.230914354324341,48,04,corrected,attn,4,43
s04_state10,10,10.0,6.846125602722168,49,04,corrected,attn,4,43
s04_state5,5,5.0,5.989620685577393,96,04,corrected,attn,4,43
s08_state0,0,5.0,5.24610710144043,11,08,corrected,attn,4,43
s08_state10,10,10.0,7.870741367340088,177,08,corrected,attn,4,43
s08_state5,5,10.0,5.556209564208984,48,08,corrected,attn,4,43
s10_state0,0,5.0,4.051639556884766,1,10,corrected,attn,4,43
s10_state10,10,10.0,6.965908050537109,48,10,corrected,attn,4,43
s10_state5,5,5.0,4.61474609375,28,10,corrected,attn,4,43
s11_state0,0,5.0,5.345089912414551,34,11,corrected,attn,4,43
s11_state10,10,10.0,8.149247169494629,65,11,corrected,attn,4,43
s11_state5,5,10.0,7.337546348571777,51,11,corrected,attn,4,43
s15_state0,0,5.0,4.224790573120117,108,15,corrected,attn,4,43
s15_state10,10,5.0,6.3619704246521,187,15,corrected,attn,4,43
s15_state5,5,5.0,4.428647041320801,179,15,corrected,attn,4,43
s16_state0,0,0.0,2.202209234237671,1,16,corrected,attn,4,43
s16_state10,10,10.0,8.15036392211914,98,16,corrected,attn,4,43
s16_state5,5,5.0,4.844171524047852,30,16,corrected,attn,4,43
s19_state0,0,5.0,4.553136825561523,76,19,corrected,attn,4,43
s19_state10,10,0.0,2.7270240783691406,82,19,corrected,attn,4,43
s19_state5,5,0.0,3.505849838256836,110,19,corrected,attn,4,43
s27_state0,0,0.0,4.981365203857422,17,27,corrected,attn,4,43
s27_state10,10,10.0,8.280646324157715,53,27,corrected,attn,4,43
s27_state5,5,5.0,5.1474409103393555,22,27,corrected,attn,4,43
s43_state0,0,0.0,2.8914334774017334,32,43,corrected,attn,4,43
s43_state10,10,10.0,7.320089817047119,107,43,corrected,attn,4,43
s43_state5,5,10.0,7.385674953460693,88,43,corrected,attn,4,43
s44_state0,0,0.0,2.969557762145996,60,44,corrected,attn,4,43
s44_state10,10,10.0,8.222016334533691,148,44,corrected,attn,4,43
s44_state5,5,10.0,8.560030937194824,236,44,corrected,attn,4,43
s49_state0,0,0.0,1.5395478010177612,28,49,corrected,attn,4,43
s49_state10,10,10.0,7.019517421722412,48,49,corrected,attn,4,43
s49_state5,5,5.0,4.8605637550354,95,49,corrected,attn,4,43
s52_state0,0,5.0,5.043749809265137,21,52,corrected,attn,4,43
s52_state10,10,10.0,7.83085298538208,123,52,corrected,attn,4,43
s52_state5,5,10.0,8.473563194274902,172,52,corrected,attn,4,43
